n,success_rate,std_error,wilson_low_95,wilson_high_95
1,0.0,0.0,0.0,0.7934567085261071
2,0.0,0.0,0.0,0.6576280471103807
3,0.0,0.0,0.0,0.5615060804490177
4,0.0,0.0,0.0,0.48990002040399916
5,0.0,0.0,0.0,0.43449149475208104
6,0.0,0.0,0.0,0.3903430336530645
7,0.0,0.0,0.0,0.35433884297520657
8,0.0,0.0,0.0,0.3244156195108769
9,0.0,0.0,0.0,0.2991527535509594
10,0.0,0.0,0.0,0.2775401687666165
11,0.0,0.0,2.7755575615628914e-17,0.2588400172488141
12,0.0,0.0,0.0,0.2425007574992425
13,0.0,0.0,0.0,0.22810184305529166
14,0.0,0.0,0.0,0.21531701192718142
15,0.0,0.0,0.0,0.20388926630434784
16,0.0,0.0,0.0,0.19361341827271994
17,0.0,0.0,0.0,0.18432366037156456
18,0.0,0.0,0.0,0.1758845505823749
19,0.0,0.0,0.0,0.16818436536845052
20,0.0,0.0,0.0,0.1611301254949332
21,0.0,0.0,0.0,0.15464382326420195
22,0.0,0.0,1.3877787807814457e-17,0.14865952572596125
23,0.0,0.0,0.0,0.14312112541726274
24,0.0,0.0,0.0,0.13798057582897535
25,0.0,0.0,0.0,0.13319649395317873
26,0.0,0.0,0.0,0.12873304380462175
27,0.0,0.0,0.0,0.12455903714463581
28,0.0,0.0,0.0,0.12064720365810762
29,0.0,0.0,0.0,0.11697359446555587
30,0.0,0.0,0.0,0.113517091390478
31,0.0,0.0,0.0,0.11025900073475385
32,0.0,0.0,0.0,0.1071827150573635
33,0.0,0.0,0.0,0.10427343003561192
34,0.0,0.0,0.0,0.10151790621961015
35,0.0,0.0,0.0,0.09890426758938868
36,0.0,0.0,0.0,0.09642183044857634
37,0.0,0.0,0.0,0.09406095745514377
38,0.0,0.0,0.0,0.09181293258383999
39,0.0,0.0,0.0,0.08966985360023902
40,0.0,0.0,0.0,0.08762453925039232
41,0.0,0.0,0.0,0.08567044886890744
42,0.0,0.0,0.0,0.08380161250916197
43,0.0,0.0,0.0,0.08201257002322722
44,0.0,0.0,6.938893903907228e-18,0.08029831778201396
45,0.0,0.0,0.0,0.07865426194064076
46,0.0,0.0,0.0,0.07707617732978073
47,0.0,0.0,6.938893903907228e-18,0.0755601711983887
48,0.0,0.0,0.0,0.0741026511527422
49,0.0,0.0,0.0,0.07270029673590504
50,0.0,0.0,0.0,0.07135003417431873
51,0.0196078431372549,0.019414657705424988,0.003469603253442241,0.10304807675589372
52,0.019230769230769232,0.019044960339620904,0.0034027204090655225,0.10120746268024422
53,0.018867924528301886,0.0186890776054207,0.003338367386749398,0.09943143501149412
54,0.018518518518518517,0.018346249485727373,0.0032764033153519848,0.09771665358487208
55,0.01818181818181818,0.018015770702067717,0.003216697592252786,0.09606000460483224
56,0.017857142857142856,0.017696985874377052,0.003159128964463985,0.0944585817919329
57,0.017543859649122806,0.017389285185380774,0.003103584706680089,0.09290966938262721
58,0.017241379310344827,0.017092100489256898,0.003049959884541757,0.09141072677298326
59,0.01694915254237288,0.016804901812363878,0.002998156692981528,0.08995937462385317
60,0.016666666666666666,0.01652719420071502,0.002948083860873682,0.08855338226779477
61,0.03278688524590164,0.022800598712937815,0.009037700815687881,0.11189700776645692
62,0.04838709677419355,0.02725204509637419,0.016591385000846108,0.13288250384754152
63,0.047619047619047616,0.026830293800905285,0.016325872842212416,0.13091177556835826
64,0.046875,0.026421385270446646,0.016068725432185196,0.12899860788542522
65,0.046153846153846156,0.026024742262539098,0.01581955358590327,0.12714051706904955
66,0.045454545454545456,0.025639821582625736,0.015577991894810295,0.1253351601521073
67,0.05970149253731343,0.028945967245766605,0.023458971433043548,0.1436970498877623
68,0.07352941176470588,0.03165132591085761,0.03181437515487155,0.160853939581994
69,0.07246376811594203,0.031210545046850176,0.03134730921766905,0.15867597418082852
70,0.07142857142857142,0.030781843120404807,0.03089376151029352,0.15655613123309228
71,0.07042253521126761,0.030364731614087564,0.03045315340626454,0.1544921176729214
72,0.06944444444444445,0.029958747929501817,0.03002493884382272,0.15248175932710195
73,0.0684931506849315,0.029563453696090036,0.029608602066378893,0.15052299331945376
74,0.06756756756756757,0.02917843321020329,0.029203655548562038,0.14861386104924684
75,0.06666666666666667,0.02880329199292382,0.028809638090317204,0.14675250169375617
76,0.06578947368421052,0.028437655456270312,0.02842611306337576,0.1449371461899458
77,0.06493506493506493,0.028081167668433007,0.028052666796070366,0.14316611165462828
78,0.0641025641025641,0.02773349020959408,0.027688907083923665,0.14143779620633457
79,0.06329113924050633,0.027394301110698367,0.027334461814729392,0.13975067415560433
80,0.0625,0.027063293868263706,0.026988977697985535,0.1381032915335177
81,0.06172839506172839,0.02674017652896835,0.026652119089554074,0.13649426193107733
82,0.06097560975609756,0.026424670838333334,0.02632356690332186,0.13492226262455276
83,0.060240963855421686,0.026116511448339007,0.026003017602439858,0.13338603096414572
84,0.05952380952380952,0.025815445179282824,0.025690182263433017,0.13188436100535988
85,0.058823529411764705,0.02552123033160661,0.025384785707111474,0.1304161003642785
86,0.05813953488372093,0.025233636043800634,0.02508656569078512,0.12898014727959828
87,0.05747126436781609,0.024952441692833605,0.024795272156794536,0.1275754478657502
88,0.056818181818181816,0.024677436333866227,0.024510666532829656,0.1262009935427788
89,0.056179775280898875,0.024408418176284766,0.024232521079919085,0.1248558186298662
90,0.05555555555555555,0.024145194093343144,0.023960618284343177,0.12353899809048416
91,0.054945054945054944,0.023887579162930533,0.023694750290056285,0.12224964541815612
92,0.05434782608695652,0.023635396237188327,0.023434718368504144,0.12098691065271419
93,0.053763440860215055,0.023388475538888256,0.02318033242299295,0.11974997851775979
94,0.05319148936170213,0.023146654282653955,0.022931410525010874,0.11853806667078312
95,0.05263157894736842,0.022909776319263525,0.022687778480124224,0.11735042405807834
96,0.052083333333333336,0.022677691801411687,0.022449269421270103,0.11618632936721088
97,0.05154639175257732,0.02245025686943882,0.022215723427449756,0.11504508957036064
98,0.05102040816326531,0.02222733335565147,0.02198698716599007,0.11392603855238045
99,0.06060606060606061,0.023980835366759587,0.028069414889737465,0.12596941764495667
100,0.06,0.023748684174075833,0.02778574526665662,0.12476968531222507
101,0.0594059405940594,0.02352097753748252,0.02750775260018063,0.12359257398773865
102,0.058823529411764705,0.023297589246509983,0.02723526813965306,0.1224374503377698
103,0.05825242718446602,0.02307839781578303,0.026968129757982066,0.12130370443394317
104,0.057692307692307696,0.02286328626638126,0.026706181629780633,0.120190748682826
105,0.05714285714285714,0.022652141919202624,0.02644927392809686,0.11909801681367833
106,0.05660377358490566,0.022444856199570117,0.026197262538493492,0.11802496292071321
107,0.056074766355140186,0.02224132445237595,0.02595000878932941,0.11697106055647577
108,0.05555555555555555,0.02204144576710756,0.02570737919718203,0.11593580187318892
109,0.05504587155963303,0.02184512281214591,0.02546924522642792,0.11491869680913343
110,0.05454545454545454,0.02165226167776901,0.025235483062071407,0.11391927231733298
111,0.06306306306306306,0.023071786354486985,0.03088026451475212,0.12447807253384349
112,0.0625,0.022872657959731247,0.030601532803567907,0.12341567690348033
113,0.061946902654867256,0.022676931459305733,0.030327788623800853,0.12237125007474488
114,0.06140350877192982,0.022484520578284744,0.030058899274456374,0.12134434032853611
115,0.06086956521739131,0.022295341928720964,0.02979473672148799,0.12033451094936126
116,0.0603448275862069,0.02210931489015547,0.0295351773943901,0.11934133960805313
117,0.05982905982905983,0.021926361495999584,0.029280101993339018,0.1183644177746879
118,0.059322033898305086,0.02174640632545545,0.029029395306249407,0.11740335015999528
119,0.058823529411764705,0.021569376400663795,0.02878294603515636,0.11645775418366203
120,0.058333333333333334,0.021395201088786935,0.02854064663137293,0.1155272594680315
121,0.05785123966942149,0.02122381200875362,0.02830239313891006,0.11461150735579681
122,0.05737704918032787,0.021055142942409486,0.028068085045679897,0.11371015045037228
123,0.056910569105691054,0.02088912974983268,0.027837625142034084,0.1128228521777096
124,0.056451612903225805,0.02072571028858923,0.02761091938621925,0.11194928636840208
125,0.056,0.020564824336716324,0.02738787677635804,0.11108913685898955
126,0.05555555555555555,0.020406413519234806,0.027168409228588992,0.11024209711144381
127,0.05511811023622047,0.020250421238003937,0.026952431461022795,0.10940786984987524
128,0.0546875,0.02009679260474285,0.02673986088319332,0.10858616671355914
129,0.05426356589147287,0.01994547437705343,0.026530617490702076,0.10777670792543265
130,0.05384615384615385,0.019796414897289276,0.02632462376477393,0.10697922197526502
131,0.05343511450381679,0.019649564034124295,0.026121804576458928,0.1061934453167491
132,0.05303030303030303,0.01950487312668323,0.025922087095231,0.10541912207780582
133,0.05263157894736842,0.019362294931104185,0.025725400701750632,0.10465600378343515
134,0.05223880597014925,0.019221783569410806,0.025531676904570998,0.1039038490904842
135,0.05185185185185185,0.019083294480578685,0.025340849260581777,0.10316242353373925
136,0.051470588235294115,0.018946784373687055,0.025152853298995935,0.10243149928278228
137,0.051094890510948905,0.018812211183053113,0.024967626448697156,0.10171085490908352
138,0.050724637681159424,0.01867953402525181,0.024785107968775345,0.10100027516283061
139,0.05755395683453238,0.019754154264342294,0.029448548485711504,0.10945776452114366
140,0.05714285714285714,0.019617330352159863,0.02923613475481686,0.10870448882000434
141,0.05673758865248227,0.019482386059466617,0.02902676376760057,0.10796150479612696
142,0.056338028169014086,0.019349282978133778,0.02882037060152546,0.1072286030795093
143,0.055944055944055944,0.019217983737664802,0.028616892168234848,0.10650557993776238
144,0.05555555555555555,0.01908845197045213,0.028416267149224878,0.10579223708774224
145,0.05517241379310345,0.018960652278417953,0.028218435934205734,0.1050883815146795
146,0.0547945205479452,0.018834550200975197,0.02802334056202123,0.10439382529846077
147,0.05442176870748299,0.018710112184248333,0.027830924664003928,0.10370838544673473
148,0.05405405405405406,0.018587305551496673,0.027641133409649507,0.10303188373453236
149,0.053691275167785234,0.01846609847468584,0.027453913454500024,0.10236414655010606
150,0.05333333333333334,0.018346459947155815,0.027269212890132462,0.1017050047467096
151,0.052980132450331126,0.01822835975733666,0.027086981196153395,0.10105429350005228
152,0.05263157894736842,0.018111768463465402,0.02690716919410706,0.10041185217117664
153,0.05228758169934641,0.017996657369259986,0.02672972900320813,0.09977752417452024
154,0.05194805194805195,0.01788299850050837,0.02655461399781532,0.09915115685093433
155,0.05806451612903226,0.018784521441307107,0.030845051413480325,0.10666048869691896
156,0.057692307692307696,0.018667795065272132,0.030645393965407268,0.1059998848606305
157,0.05732484076433121,0.018552508267880623,0.030448304960363402,0.10534740958114827
158,0.056962025316455694,0.018438634623024894,0.03025373514703126,0.10470291382331998
159,0.05660377358490566,0.018326148346363477,0.030061636525488253,0.10406625217125755
160,0.05625,0.018215024275992607,0.029871962307707264,0.10343728271919676
161,0.055900621118012424,0.018105237853810734,0.02968466687954458,0.10281586696628076
162,0.05555555555555555,0.017996765107547223,0.029499705764149557,0.10220186971510292
163,0.06134969325153374,0.01879595120047215,0.033661544479215155,0.10923806808743489
164,0.06097560975609756,0.018685063940407913,0.033454199348097076,0.1085940175421137
165,0.06060606060606061,0.018575475200720344,0.03324939331698606,0.10795751303784593
166,0.06626506024096386,0.019306344863835753,0.037400567775504975,0.11475061308948921
167,0.0658682634730539,0.01919481519005143,0.037174178011739493,0.11408640489078542
168,0.06547619047619048,0.0190845641561253,0.036950512943835216,0.113429837332233
169,0.0650887573964497,0.018975569945995294,0.03672952366838914,0.11278077940679643
170,0.06470588235294118,0.01886781123592561,0.03651116244554317,0.11213910308353617
171,0.06432748538011696,0.01876126718073247,0.036295382664577644,0.11150468322363201
172,0.06395348837209303,0.018655917400468472,0.03608213881071923,0.11087739749923245
173,0.06358381502890173,0.018551741967547813,0.03587138643311278,0.11025712631501888
174,0.06321839080459771,0.01844872139429555,0.03566308211391016,0.10964375273238004
175,0.06285714285714286,0.01834683662090468,0.03545718343843058,0.10903716239609562
176,0.0625,0.018246069003785694,0.035253648966349777,0.10843724346343286
177,0.062146892655367235,0.018146400304293674,0.035052438203876365,0.1078438865355641
178,0.06741573033707865,0.018793802713941227,0.038981512590958445,0.11412756695959542
179,0.07262569832402235,0.019397518453705517,0.04293060088228604,0.12027952197815711
180,0.07222222222222222,0.019293950237704933,0.04268933217596355,0.11963301488803066
181,0.0718232044198895,0.01919147942364586,0.04245076070487264,0.1189934163634929
182,0.07142857142857142,0.019090088708030313,0.04221484148110109,0.11836061632812998
183,0.07103825136612021,0.018989761148163104,0.041981530511898055,0.11773450703006262
184,0.07065217391304347,0.018890480152827575,0.04175078477230255,0.11711498298095338
185,0.07027027027027027,0.01879222947324792,0.041522562178670855,0.11650194089692266
186,0.06989247311827956,0.018694993194327953,0.04129682156306809,0.1158952796413044
187,0.06951871657754011,0.018598755726156505,0.041073522648491526,0.11529490016917505
188,0.06914893617021277,0.01850350179577009,0.040852626024894284,0.11470070547359196
189,0.06878306878306878,0.01840921643916386,0.04063409312597916,0.11411260053348021
190,0.06842105263157895,0.018315884993542118,0.04041788620673421,0.1135304922631092
191,0.06806282722513089,0.018223493089800157,0.0402039683216823,0.11295428946310287
192,0.06770833333333333,0.018132026645229435,0.03999230330381833,0.11238390277292937
193,0.06735751295336788,0.018041471856438344,0.03978285574420911,0.11181924462481854
194,0.06701030927835051,0.01795181519248128,0.039575590972231345,0.1112602291990572
195,0.07179487179487179,0.01848635923701994,0.0432448538296094,0.11689065101444737
196,0.07142857142857142,0.018395669772775458,0.04302172691265146,0.11631246576795157
197,0.07106598984771574,0.018305863659999158,0.04280089112385386,0.11573996893701005
198,0.0707070707070707,0.01821692808860301,0.04258231134761892,0.11517307703614338
199,0.07035175879396985,0.018128850494282447,0.04236595318245633,0.11461170820455696
200,0.07,0.01804161855266872,0.04215178292291873,0.11405578216683726
201,0.06965174129353234,0.01795522017364686,0.04193976754208294,0.113505220194783
202,0.07425742574257425,0.018447578990673282,0.04551404360907179,0.11889198510426896
203,0.07389162561576355,0.018360330615043708,0.045287254245104686,0.11832393421988496
204,0.07352941176470588,0.01827390153484222,0.04506271425466509,0.11776128248131074
205,0.07317073170731707,0.018188280296393074,0.04484039033079913,0.117203953324871
206,0.07281553398058252,0.018103455657853013,0.044620249821040694,0.1166518716267561
207,0.07246376811594203,0.018019416584353888,0.04440226071141076,0.1161049636693566
208,0.07211538461538461,0.017936152243277746,0.04418639161088355,0.11556315710853698
209,0.07177033492822966,0.017853651999660273,0.04397261173630447,0.11502638094181862
210,0.07142857142857142,0.017771905411718546,0.043760890897743834,0.11449456547744229
211,0.07109004739336493,0.017690902226499213,0.043551199484272496,0.11396764230428241
212,0.07075471698113207,0.017610632375643313,0.04334350845014459,0.11344554426258549
213,0.07042253521126761,0.017531085971264196,0.04313778930137429,0.1129282054155066
214,0.07009345794392523,0.017452253301934943,0.04293401408269345,0.11241556102141886
215,0.06976744186046512,0.017374124828782055,0.04273215536487746,0.11190754750697138
216,0.06944444444444445,0.01729669118168202,0.042532186232427285,0.11140410244087205
217,0.06912442396313365,0.017219943155557707,0.04233408027159613,0.11090516450837287
218,0.06880733944954129,0.017143871706771566,0.04213781155874956,0.11041067348643584
219,0.0684931506849315,0.01706846794961262,0.04194335464904808,0.10992057021955814
220,0.06818181818181818,0.01699372315287453,0.04175068456544202,0.10943479659623657
221,0.07239819004524888,0.0174320519431192,0.04505151126096084,0.11435671212830524
222,0.07207207207207207,0.01735657941807635,0.044846333071754715,0.11385604948309787
223,0.07174887892376682,0.017281756016612162,0.04464301566013649,0.11335974926481554
224,0.07142857142857142,0.01720757342248985,0.04444153382205964,0.1128677547363072
225,0.07111111111111111,0.01713402346050484,0.044241862806704696,0.11238001013947291
226,0.07079646017699115,0.017061098093517666,0.04404397830633519,0.11189646067424969
227,0.07048458149779736,0.016988789419561143,0.043847856446424874,0.1114170524781364
228,0.07017543859649122,0.016917089669019756,0.04365347377604781,0.1109417326062408
229,0.06986899563318777,0.016845991201879087,0.04346080725852322,0.11047044901183395
230,0.06956521739130435,0.016775486505043333,0.04326983426230722,0.11000315052739662
231,0.06926406926406926,0.01670556818971891,0.043080532552123706,0.10953978684614304
232,0.06896551724137931,0.016636228988862335,0.04289288028032762,0.10908030850400899
233,0.06866952789699571,0.016567461754690444,0.04270685597849282,0.10862466686208924
234,0.06837606837606838,0.016499259456251338,0.04252243854921824,0.10817281408951274
235,0.06808510638297872,0.01643161517705416,0.04233960725814578,0.10772470314674182
236,0.06779661016949153,0.016364522112756234,0.04215834172618302,0.10728028776928397
237,0.07172995780590717,0.016761515464634492,0.045263409085008754,0.11185894851434286
238,0.07142857142857142,0.016693798301528666,0.04507117377664211,0.11140149262979912
239,0.07112970711297072,0.016626624799199713,0.0448805647319288,0.11094776122210873
240,0.07083333333333333,0.016559988453878603,0.04469156139713931,0.11049770901447215
241,0.07053941908713693,0.0164938828648214,0.04450414356351977,0.11005129146059377
242,0.07024793388429752,0.016428301732283903,0.04431829136008301,0.10960846473001729
243,0.06995884773662552,0.016363238855543753,0.044133985246579875,0.10916918569381265
244,0.06967213114754098,0.016298688130968613,0.043951206006645246,0.10873341191060513
245,0.06938775510204082,0.01623464355012931,0.04376993474111391,0.10830110161293624
246,0.06910569105691057,0.016171099197956583,0.04359015286150121,0.10787221369394832
247,0.06882591093117409,0.016108049250940393,0.04341184208364403,0.1074467076943832
248,0.06854838709677419,0.016045487975370584,0.043234984421497195,0.10702454378988646
249,0.06827309236947791,0.015983409725617823,0.04305956218108102,0.10660568277860914
250,0.068,0.015921808942453743,0.042885557954576006,0.10619008606909862
251,0.06772908366533864,0.01586068015140926,0.0427129546145599,0.10577771566847083
252,0.06746031746031746,0.015800017961170053,0.04254173530838383,0.10536853417085647
253,0.06719367588932806,0.015739817062008256,0.042371883452682974,0.10496250474611349
254,0.06692913385826772,0.015680072224249362,0.0422033827280186,0.10455959112879892
255,0.07058823529411765,0.016039844546234614,0.045113248598383976,0.10880945934346153
256,0.07421875,0.016382909247859002,0.048025724882263164,0.11300160869326903
257,0.07392996108949416,0.016321707626815677,0.047836820491761224,0.11257317545980478
258,0.07364341085271318,0.016260960393213484,0.047649396647945395,0.11214797703140886
259,0.07335907335907337,0.016200662519816,0.04746343600945245,0.11172597692974744
260,0.07307692307692308,0.016140809053038937,0.04727892150474328,0.11130713922260221
261,0.07279693486590039,0.01608139511161106,0.04709583632687426,0.1108914285136946
262,0.07251908396946564,0.016022415885264107,0.04691416392838949,0.11047880993273682
263,0.07224334600760456,0.015963866633450955,0.046733888016331354,0.11006924912570343
264,0.07196969696969698,0.015905742684091378,0.04655499254736545,0.10966271224531798
265,0.07169811320754717,0.01584803943234464,0.04637746172301719,0.10925916594174898
266,0.07142857142857142,0.015790752339408333,0.0462012799850174,0.10885857735351011
267,0.07116104868913857,0.015733876931342736,0.04602643201075326,0.10846091409855932
268,0.0708955223880597,0.01567740879792014,0.045852902708822696,0.1080661442655918
269,0.07063197026022305,0.015621343591498481,0.0456806772146887,0.10767423640552172
270,0.07037037037037037,0.015565677025918665,0.045509740886431435,0.10728515952314845
271,0.07011070110701106,0.015510404875425092,0.045340079300595575,0.10689888306900205
272,0.06985294117647059,0.015455522973608716,0.04517167824813013,0.1065153769313642
273,0.0695970695970696,0.015401027212372168,0.045004523730418536,0.10613461142845936
274,0.06934306569343066,0.015346913540916367,0.044838601955396615,0.1057565573008127
275,0.06909090909090909,0.015293177964748123,0.04467389933375628,0.10538118570377039
276,0.06884057971014493,0.015239816544708231,0.04451040247523258,0.10500846820017809
277,0.06859205776173286,0.015186825396019538,0.04434809818497203,0.10463837675321375
278,0.0683453237410072,0.015134200687354544,0.04418697345998037,0.10427088371937143
279,0.06810035842293907,0.015081938639922054,0.044027015485647206,0.10390596184159177
280,0.06785714285714285,0.015030035526572422,0.043868211632346346,0.103543584242536
281,0.06761565836298933,0.01497848767092098,0.043710549452109164,0.1031837244179997
282,0.0673758865248227,0.014927291446489169,0.043554016675369706,0.10282635623046346
283,0.06713780918727916,0.014876443275863035,0.04339860120777945,0.10247145390277637
284,0.06690140845070422,0.01482593962986859,0.043244291127090134,0.1021189920119697
285,0.06666666666666667,0.01477577702676375,0.0430910746801029,0.10176894548319768
286,0.06643356643356643,0.014725952031446362,0.042938940279682064,0.10142128958380198
287,0.06620209059233449,0.014676461254678037,0.04278787650183204,0.10107599991749726
288,0.06944444444444445,0.014979373964750908,0.04540071969903184,0.10482323740646651
289,0.06920415224913495,0.014929469424703643,0.04524204945807829,0.10446892056803823
290,0.06896551724137931,0.014879895563339508,0.045084484613234624,0.10411698992270584
291,0.06872852233676977,0.01483064911280443,0.0449280136512583,0.10376742145694896
292,0.0684931506849315,0.014781726848045018,0.04477262521827013,0.10342019147823234
293,0.06825938566552901,0.014733125586112256,0.044618308117005866,0.10307527660966317
294,0.06802721088435375,0.014684842185478636,0.04446505130412474,0.10273265378475477
295,0.06779661016949153,0.014636873545368568,0.04431284388757295,0.10239230024229384
296,0.07094594594594594,0.014922391426230518,0.04686775418716965,0.10601830298435022
297,0.0707070707070707,0.014874059499350615,0.04670835388112844,0.10566950875488997
298,0.07046979865771812,0.014826038917483915,0.04655003435464404,0.10532300103875435
299,0.07023411371237458,0.014778326689576606,0.046392784650872945,0.10497875743581529
300,0.07,0.014730919862656237,0.04623659396060609,0.10463675583744661
301,0.06976744186046512,0.014683815521229514,0.04608145161979016,0.10429697442179997
302,0.0695364238410596,0.014637010786691463,0.04592734710709882,0.10395939164917241
303,0.07260726072607261,0.014907353758872633,0.04843426337070658,0.10748201395283755
304,0.07236842105263158,0.014860229584782203,0.04827330951117169,0.1071364856562131
305,0.07213114754098361,0.014813401674337348,0.04811342205089569,0.10679317084332582
306,0.0718954248366013,0.014766867250017086,0.047954590424736834,0.10645204832228745
307,0.07166123778501629,0.01472062356880691,0.047796804206683544,0.10611309717073826
308,0.07467532467532467,0.014978222346967388,0.05027225504181963,0.10955760729854806
309,0.0744336569579288,0.014931698614921713,0.05010786779256711,0.1092110974601359
310,0.07419354838709677,0.014885462248051144,0.049944552321015086,0.10886677160799879
311,0.07395498392282958,0.01483951059980794,0.04978229817742434,0.10852460916900002
312,0.07371794871794872,0.014793841055937923,0.049621095047488406,0.10818458982746157
313,0.07348242811501597,0.014748451033991219,0.04946093275014618,0.10784669352115153
314,0.0732484076433121,0.014703337982841829,0.049301801235436746,0.1075109004373462
315,0.07301587301587302,0.014658499382215834,0.04914369058239549,0.10717719100896525
316,0.07278481012658228,0.014613932742228082,0.048986590996990695,0.10684554591077867
317,0.07255520504731862,0.014569635602927157,0.048830492810099504,0.1065159460556835
318,0.07232704402515723,0.014525605533848466,0.04867538647552257,0.10618837259104931
319,0.07523510971786834,0.014768303343569161,0.05107582007097884,0.1095032378942896
320,0.078125,0.015002237788805875,0.053474738932442534,0.11278432105243894
321,0.0778816199376947,0.014957475882564302,0.05330637493224406,0.11244086926308065
322,0.07763975155279502,0.014912979520294335,0.05313906800720904,0.11209950189915034
323,0.07739938080495357,0.014868746353674795,0.05297280823107247,0.11176020005183887
324,0.07716049382716049,0.014824774061891787,0.05280758580148974,0.1114229450402338
325,0.07692307692307693,0.014781060351238813,0.05264339103810847,0.11108771840789836
326,0.07668711656441718,0.014737602954723737,0.05248021438067608,0.1107545019195117
327,0.0764525993883792,0.014694399631682604,0.052318046387182626,0.11042327755756917
328,0.07621951219512195,0.014651448167400074,0.05215687773203817,0.11009402751914191
329,0.07598784194528875,0.014608746372736365,0.05199669920428329,0.10976673421269342
330,0.07575757575757576,0.014566292083760613,0.05183750170583301,0.10944138025495317
331,0.0755287009063444,0.014524083161390464,0.051679276249752625,0.1091179484678452
332,0.07530120481927711,0.014482117491037836,0.051522013958565066,0.108796421875471
333,0.07507507507507508,0.014440392982260658,0.051365706062589264,0.10847678370114537
334,0.0748502994011976,0.014398907568420535,0.051210343898308544,0.10815901736448442
335,0.07462686567164178,0.014357659206346195,0.05105591890676865,0.10784310647854413
336,0.0744047619047619,0.014316645876002588,0.050902422632004604,0.10752903484700914
337,0.07418397626112759,0.014275865580165555,0.05074984671949602,0.10721678646143022
338,0.07396449704142012,0.014235316344101962,0.05059818291465008,0.10690634549850968
339,0.07374631268436578,0.01419499621525514,0.050447423061311614,0.10659769631743357
340,0.07352941176470588,0.014154903262935616,0.0502975591002998,0.10629082345724995
341,0.07331378299120235,0.01411503557801694,0.05014858306797093,0.10598571163429235
342,0.07309941520467836,0.014075391272636581,0.05000048709480667,0.10568234573964702
343,0.0728862973760933,0.014035968479901767,0.04985326340402713,0.1053807108366637
344,0.07267441860465117,0.01399676535360015,0.04970690431022867,0.10508079215850885
345,0.07246376811594203,0.01395778006791527,0.04956140221804528,0.10478257510576011
346,0.07225433526011561,0.01391901081714664,0.0494167496208339,0.10448604524404209
347,0.07204610951008646,0.013880455815434446,0.04927293909938226,0.10419118830170132
348,0.07183908045977011,0.013842113296488722,0.04912996332063946,0.1038979901675211
349,0.07163323782234957,0.013803981513322931,0.048987815036468665,0.10360643688847439
350,0.07142857142857142,0.01376605873799188,0.048846487082421286,0.10331651466751424
351,0.07122507122507123,0.013728343261333856,0.04870597237653233,0.10302820986140145
352,0.07102272727272728,0.013690833392716957,0.04856626391813659,0.10274150897856801
353,0.0708215297450425,0.01365352745978948,0.04842735478670515,0.10245639867701659
354,0.07062146892655367,0.013616423808234324,0.048289238140701754,0.10217286576225419
355,0.07042253521126761,0.01357952080152734,0.04815190721645884,0.10189089718526048
356,0.0702247191011236,0.01354281682069953,0.04801535532707249,0.10161048004048925
357,0.0700280112044818,0.013506310264103037,0.0478795758613164,0.10133160156390288
358,0.06983240223463687,0.013469999547180853,0.04774456228257408,0.10105424913103893
359,0.06963788300835655,0.013433883102240193,0.047610308127789144,0.10077841025510852
360,0.06944444444444445,0.01339795937822943,0.04747680700643325,0.10050407258512528
361,0.06925207756232687,0.013362226840518559,0.047344052599491364,0.10023122390406525
362,0.06906077348066299,0.013326683970683135,0.04721203865846409,0.09995985212705623
363,0.06887052341597796,0.01329132926629156,0.04708075900438656,0.09968994529959645
364,0.06868131868131869,0.013256161240695728,0.04695020752686373,0.09942149159580214
365,0.0684931506849315,0.013221178422824947,0.04682037818312161,0.09915447931668316
366,0.06830601092896176,0.013186379356983047,0.04669126499707445,0.09888889688844628
367,0.0681198910081744,0.01315176260264864,0.04656286205840687,0.09862473286082551
368,0.06793478260869565,0.013117326734278508,0.046435163521671596,0.0983619759054393
369,0.06775067750677506,0.013083070341113995,0.046308163605401735,0.09810061481417373
370,0.06756756756756757,0.013048992026990393,0.04618185659123768,0.09784063849759138
371,0.0673854447439353,0.013015090410149267,0.04605623682306818,0.09758203598336525
372,0.06720430107526881,0.01298136412305367,0.04593129870618559,0.09732479641473771
373,0.06702412868632708,0.012947811812206144,0.04580703670645461,0.0970689090490034
374,0.06684491978609626,0.012914432137969554,0.04568344534949474,0.09681436325601615
375,0.06666666666666667,0.012881223774390611,0.04556051921987568,0.09656114851671925
376,0.06648936170212766,0.01284818540902609,0.045438252960325935,0.09630925442169855
377,0.06631299734748011,0.012815315742771678,0.04531664127095405,0.09605867066975832
378,0.06613756613756613,0.012782613489693416,0.04519567890848217,0.09580938706651898
379,0.06596306068601583,0.012750077376861678,0.045075360685492186,0.09556139352303687
380,0.06578947368421052,0.012717706144187643,0.04495568146968357,0.09531468005444516
381,0.06561679790026247,0.012685498544262232,0.04483663618314318,0.09506923677861565
382,0.06544502617801047,0.012653453342197437,0.04471821980162671,0.09482505391484142
383,0.06527415143603134,0.01262156931547005,0.04460042735385124,0.09458212178253948
384,0.06510416666666667,0.01258984525376768,0.0444832539207993,0.09434043079997334
385,0.06493506493506493,0.012558279958837095,0.044366694635033545,0.09409997148299498
386,0.06476683937823834,0.012526872244334797,0.04425074468002245,0.09386073444380628
387,0.06459948320413436,0.012495620935679798,0.044135399289476435,0.09362271038973888
388,0.06443298969072164,0.012464524869908584,0.044020653746694255,0.0933858901220527
389,0.06426735218508997,0.0124335828955322,0.04390650338391984,0.09315026453475271
390,0.0641025641025641,0.012402793872395452,0.043792943581708876,0.09291582461342335
391,0.0639386189258312,0.012372156671538143,0.04367996976830531,0.0926825614340807
392,0.06377551020408163,0.01234167017505837,0.04356757741902735,0.09245046616204143
393,0.06361323155216285,0.012311333275977783,0.04345576205566332,0.09221953005080938
394,0.06345177664974619,0.01228114487810883,0.04334451924587621,0.09198974444097804
395,0.06329113924050633,0.012251103895923909,0.043233844602617866,0.09176110075914984
396,0.06313131313131314,0.012221209254426416,0.043123733783551776,0.09153359051687118
397,0.06297229219143577,0.012191459889023672,0.04301418249048504,0.0913072053095836
398,0.06281407035175879,0.012161854745401664,0.042905186468808566,0.09108193681559004
399,0.06265664160401002,0.01213239277940159,0.04279674150694608,0.09085777679503663
400,0.0625,0.012103072956898178,0.04268884343581125,0.09063471708890933
401,0.06234413965087282,0.012073894253679739,0.042581488128273254,0.0904127496180453
402,0.06218905472636816,0.012044855655329943,0.04247467149863013,0.09019186638215884
403,0.062034739454094295,0.012015956157111268,0.04236838950209022,0.08997205945888133
404,0.06188118811881188,0.01198719476385011,0.042262638134261385,0.08975332100281537
405,0.06172839506172839,0.01195857048982352,0.04215741343064766,0.08953564324460261
406,0.06157635467980296,0.011930082358647549,0.04205271146615373,0.08931901849000497
407,0.06142506142506143,0.011901729403167147,0.041948528354596434,0.08910343911899922
408,0.061274509803921566,0.011873510665347644,0.041844860248223856,0.08888889758488479
409,0.061124694376528114,0.011845425196167728,0.04174170333724122,0.08867538641340403
410,0.06097560975609756,0.011817472055513938,0.04163905384934402,0.08846289820187556
411,0.06082725060827251,0.011789650312076625,0.04153690804925791,0.08825142561833957
412,0.06067961165048544,0.011761959043247363,0.04143526223828531,0.08804096140071568
413,0.06053268765133172,0.011734397335017795,0.0413341127538589,0.08783149835597276
414,0.06038647342995169,0.011706964281879874,0.041233455969101274,0.08762302935931024
415,0.060240963855421686,0.0116796589867275,0.041133288292391386,0.08741554735335158
416,0.06009615384615385,0.0116524805607595,0.04103360616693694,0.08720904534734844
417,0.05995203836930456,0.011625428123383947,0.04093440607035341,0.08700351641639696
418,0.05980861244019139,0.01159850080212382,0.040835684514248696,0.08679895370066419
419,0.059665871121718374,0.01157169773252393,0.040737438043814175,0.08659535040462608
420,0.05952380952380952,0.011545018058059128,0.04063966323742137,0.08639269979631577
421,0.06175771971496437,0.01173173050503162,0.042490009915275836,0.08895097891444327
422,0.061611374407582936,0.011704842938953621,0.042388492067002355,0.08874383507059999
423,0.061465721040189124,0.011678078124980212,0.04228745822052423,0.08853765348367704
424,0.06132075471698113,0.011651435225983334,0.04218690492229645,0.08833242746613887
425,0.0611764705882353,0.011624913412413984,0.04208682875155694,0.08812815039225746
426,0.06338028169014084,0.011804672185458961,0.043920723827627496,0.09064419497036694
427,0.06323185011709602,0.011777959733124153,0.04381700293198269,0.09043558549030521
428,0.0630841121495327,0.011751367681769837,0.04371377083109699,0.09022793371983096
429,0.06293706293706294,0.011724895220819903,0.04361102407738561,0.09002123308089123
430,0.06279069767441861,0.011698541546942127,0.043508759255614426,0.08981547705551848
431,0.06264501160092807,0.011672305863967631,0.04340697298252125,0.08961065918514624
432,0.0625,0.011646187382811405,0.04330566190644257,0.08940677306993415
433,0.06235565819861432,0.011620185321393884,0.04320482270694547,0.08920381236810235
434,0.06221198156682028,0.011594298904563562,0.04310445209446457,0.08900177079527455
435,0.06206896551724138,0.011568527364020625,0.04300454680994428,0.08880064212383046
436,0.06192660550458716,0.011542869938241593,0.042905103624485734,0.08860042018226652
437,0.06407322654462243,0.011714358591881384,0.04469863030420369,0.09104536481785376
438,0.0639269406392694,0.011688526835684736,0.04459572296473188,0.09084104894628783
439,0.06378132118451026,0.011662808541719017,0.044493288437248195,0.09063764777109357
440,0.06363636363636363,0.01163720296559742,0.044391323470242244,0.09043515516537909
441,0.06349206349206349,0.011611709369415885,0.044289824841953665,0.09023356505683276
442,0.06334841628959276,0.011586327021682856,0.044188789360032565,0.09003287142711697
443,0.06320541760722348,0.011561055197249946,0.04408821386120461,0.08983306831126993
444,0.06306306306306306,0.011535893177243493,0.04398809521094081,0.08963414979711558
445,0.06292134831460675,0.011510840248997014,0.04388843030313168,0.08943611002468109
446,0.06278026905829596,0.011485895705984501,0.04378921605976566,0.08923894318562203
447,0.06263982102908278,0.011461058847754604,0.043690449430612344,0.0890426435226555
448,0.0625,0.011436328979865623,0.04359212739290949,0.08884720532900015
449,0.062360801781737196,0.011411705413821364,0.04349424695105459,0.08865262294782397
450,0.06222222222222222,0.011387187467007785,0.043396805136300454,0.08845889077169919
451,0.06208425720620843,0.011362774462630466,0.04329979900645483,0.08826600324206421
452,0.061946902654867256,0.011338465729652867,0.043203225645584244,0.08807395484869274
453,0.06181015452538632,0.011314260602735366,0.04310708216372151,0.08788274012916948
454,0.06167400881057269,0.011290158422175074,0.043011365696577486,0.08769235366837319
455,0.06153846153846154,0.0112661585338464,0.042916073405256216,0.0875027900979658
456,0.06140350877192982,0.011242260289142372,0.0428212024759744,0.08731404409588861
457,0.061269146608315096,0.0112184630449167,0.04272675011978404,0.08712611038586472
458,0.0611353711790393,0.011194766163426548,0.042632713572299225,0.08693898373690809
459,0.06100217864923747,0.011171169012276046,0.042539090093426074,0.08675265896283854
460,0.06086956521739131,0.011147670964360482,0.04244587696709663,0.08656713092180339
461,0.06073752711496746,0.011124271397811213,0.04235307150100595,0.08638239451580493
462,0.06060606060606061,0.011100969695941246,0.04226067102635285,0.08619844469023406
463,0.06047516198704104,0.0110777652471915,0.042168672897583914,0.08601527643340975
464,0.0603448275862069,0.011054657445077736,0.04207707449214078,0.08583288477612437
465,0.060215053763440864,0.011031645688138136,0.041985873210210994,0.085651264791195
466,0.060085836909871244,0.011008729379881538,0.04189506647448177,0.08547041159302013
467,0.059957173447537475,0.010985907928736298,0.04180465172989712,0.08529032033714201
468,0.05982905982905983,0.010963180747999792,0.0417146264434181,0.08511098621981465
469,0.05970149253731343,0.010940547255788528,0.041624988103786155,0.08493240447757727
470,0.059574468085106386,0.010918006874988874,0.041535734221289436,0.08475457038683278
471,0.059447983014861996,0.010895559033208385,0.04144686232753225,0.08457747926343198
472,0.059322033898305086,0.010873203162727725,0.041358369975207344,0.08440112646226264
473,0.05919661733615222,0.01085093870045317,0.041270254737871104,0.0842255073768437
474,0.05907172995780591,0.010828765087869703,0.04118251420972184,0.0840506174389249
475,0.05894736842105263,0.010806681770994649,0.041095146005380494,0.08387645211809083
476,0.058823529411764705,0.010784688200331898,0.04100814775967451,0.08370300692137023
477,0.05870020964360587,0.010762783830826668,0.04092151712742429,0.08353027739285016
478,0.058577405857740586,0.010740968121820816,0.040835251783232315,0.08335825911329467
479,0.05845511482254697,0.01071924053700868,0.040749349421275,0.08318694769976842
480,0.058333333333333334,0.010697600544393468,0.040663807755097155,0.08301633880526474
481,0.058212058212058215,0.01067604761624414,0.04057862451740902,0.08284642811833842
482,0.058091286307053944,0.01065458122905284,0.04049379745988583,0.08267721136274281
483,0.060041407867494824,0.010809515516019396,0.04212651044769346,0.0848996105740105
484,0.05991735537190083,0.010787893610330338,0.04203879720836703,0.08472693986694596
485,0.05979381443298969,0.010766357891339964,0.04195144851502411,0.0845549699239958
486,0.059670781893004114,0.010744907845658363,0.041864462099466856,0.08438369648894213
487,0.059548254620123205,0.010723542963957207,0.041777835712277556,0.08421311533995599
488,0.05942622950819672,0.010702262740929749,0.041691567122624854,0.08404322228925083
489,0.05930470347648262,0.010681066675251295,0.04160565411807196,0.08387401318274029
490,0.05918367346938776,0.010659954269540138,0.04152009450438757,0.08370548389969987
491,0.059063136456211814,0.01063892503031894,0.04143488610535888,0.08353763035243288
492,0.06097560975609756,0.010787826695819878,0.04304205286089115,0.08571196858466727
493,0.060851926977687626,0.010766653684570159,0.04295406556474596,0.0855408108707216
494,0.06072874493927125,0.010745563483111498,0.04286643730799193,0.08537033519153399
495,0.06060606060606061,0.010724555607461108,0.04277916589720154,0.08520053747958181
496,0.06048387096774194,0.01070362957739286,0.042692249156779716,0.0850314136996132
497,0.060362173038229376,0.010682784916401011,0.04260568492878318,0.08486295984832799
498,0.060240963855421686,0.010662021151664307,0.04251947107274161,0.08469517195406205
499,0.06012024048096192,0.010641337814010521,0.042433605465481194,0.08452804607647554
500,0.06,0.010620734437881401,0.042348086000950205,0.08436157830624476
