run,thrust_multiplier,isp_multiplier,density_multiplier,terminal_valid,orbit_ok,fuel_ok,fuel_margin_kg,trajectory_valid,max_q_pa,max_g,orbit_fail,fuel_fail,q_violation,g_violation,any_failure
1,0.9758706748248491,0.9861975746413407,0.9573071011863948,1,0,1,226695.2204789017,1,33652.24592239609,3.8410036354660706,1,0,0,0,1
2,0.9794695757315328,1.0073445061680966,0.9769160020068769,1,0,1,243613.49527152727,1,35488.41360609986,3.75865796440494,1,0,1,0,1
3,1.0113913725336727,1.0051602384951501,1.0075821157494347,1,0,1,210298.0135280069,1,36053.45690275498,4.097944949238324,1,0,1,1,1
4,1.0172850933861792,1.0003276984680967,0.916509788556531,1,0,1,199721.74830932147,1,33779.96927713863,4.220569985411259,1,0,0,1,1
5,0.9843544973304413,0.9947573521857067,0.9817866735174692,1,0,1,226681.70249959145,1,34654.66891930989,3.8747274359307298,1,0,0,0,1
6,1.019373818077004,1.0194039898853262,0.8576920628499818,1,0,1,216424.76051460212,1,30603.19994754483,4.0773299818093705,1,0,0,1,1
7,0.9613310594295297,1.0021656353272244,0.8841618212881839,1,0,1,256473.7805111166,1,32768.7082514845,3.6191127815810358,1,0,0,0,1
8,1.0224824719722787,1.0124095771250552,1.0338200141961331,1,0,1,206609.26618862624,1,37594.75967851353,4.176569856542465,1,0,1,1,1
9,1.0203895049051157,0.9920867950247304,0.9504758221247722,1,0,1,188334.78117190965,1,35929.60782788441,4.346229433757875,1,0,1,1,1
10,1.041304117629189,0.9995250161842276,0.9727195013949884,1,0,1,175282.034497748,1,38299.13515471875,4.575023823745904,1,0,1,1,1
11,0.9838597633350965,0.9891167143928866,0.9052321924223711,1,0,1,221623.19487119006,1,31711.665016705676,3.903008283787805,1,0,0,0,1
12,0.9637607675728257,0.9993334109972976,1.0895875011018934,1,0,1,251408.24800420093,1,39872.833800645785,3.6535909336346446,1,0,1,0,1
13,1.000189492490001,1.0096334957438478,1.077669209486755,1,0,1,225596.09087715158,1,38237.52276771577,3.9437485601740363,1,0,1,0,1
14,0.9781114591187902,0.9975258210524957,1.0228723785107583,1,0,1,235538.9510984691,1,36538.96441838788,3.798596581925395,1,0,1,0,1
15,1.0211099884307717,1.0049431263675495,1.0109145356795128,1,0,1,200572.02020328958,1,37226.90205222978,4.228238389936424,1,0,1,1,1
16,0.9927908878575543,1.0016422232650355,1.0079813089480718,1,0,1,225087.50377630274,1,35627.739133342846,3.917630470488966,1,0,1,0,1
17,0.9861978738938183,1.0117209857877352,0.7867006591446422,1,0,1,241209.33811957773,1,28604.231932432514,3.799696953595964,1,0,0,0,1
18,1.0416835767922368,0.9906532037138328,1.027360783877858,1,0,1,165728.2633873439,1,41131.54222131315,4.684668120134233,1,0,1,1,1
19,1.012017503376844,1.0085606138363332,1.1216494266768018,1,0,1,213024.14544661168,1,39813.097086668065,4.076166681428832,1,0,1,1,1
20,1.005829596350358,0.988266309138072,1.0417444687558768,1,0,1,198915.1247412935,1,38028.063001547765,4.180673123980825,1,0,1,1,1
21,0.9672570392761483,1.0178077225291673,1.0135465105178076,1,0,1,265247.419012514,1,38393.700558257595,3.593755725691057,1,0,1,0,1
22,0.9898427108138883,1.005513596822295,1.0166145974836664,1,0,1,231724.96098494448,1,36284.56743577738,3.866868473488739,1,0,1,0,1
23,1.005006605548587,1.0054800924841458,1.140439541197322,1,0,1,216858.68248227832,1,39980.9225900246,4.015764720773949,1,0,1,1,1
24,0.9960821520330455,0.9803254639157672,0.8278171189453637,1,0,1,200586.10985889396,1,30019.98404635769,4.124435226009275,1,0,0,1,1
25,1.010231861320428,0.9932857189498363,1.0268972676261723,1,0,1,199614.58179132635,1,37567.73264652759,4.192290597843725,1,0,1,1,1
26,1.0030702429712937,0.9955633685110371,0.9805740213507803,1,0,1,208978.8059215541,1,34986.92779984571,4.075927053780619,1,0,0,1,1
27,1.0089360330551267,1.0019579152924143,1.0112440196380563,1,0,1,209545.18217452627,1,36174.932878070875,4.094710587228368,1,0,1,1,1
28,0.982181887655129,0.9978456547514524,1.01685284967662,1,0,1,231835.79560018808,1,36156.66683345618,3.8359311477519085,1,0,1,0,1
29,0.9762115073989016,0.9955223737518529,1.111747142966036,1,0,1,235475.28731656738,1,39626.681413542574,3.7908363209656946,1,0,1,0,1
30,1.0077934015376175,1.0131045957116163,0.9412940662656636,1,1,1,221552.06640593434,1,33374.12607573268,3.9990683342021853,0,0,0,0,0
31,0.9929580960484318,1.0096675740059047,1.1574797499705414,1,0,1,232673.64438034996,1,41374.16395442725,3.8728747236501073,1,0,1,0,1
32,0.996980476241571,0.9986345117908786,1.1116764250168145,1,0,1,218024.76793392852,1,38890.4199483579,3.9763634086155735,1,0,1,0,1
33,0.9654016549153303,1.0126566043841871,1.0428685556295603,1,0,1,262294.7401696655,1,39177.64818883158,3.6019352788188055,1,0,1,0,1
34,1.0043863605027783,1.002201660355323,1.1188309555514369,1,0,1,214251.37313232297,1,39373.13863423476,4.034606513540389,1,0,1,1,1
35,1.017535649934117,0.9928521126740631,0.9149788811160094,1,0,1,191941.93348521844,1,34285.70498523769,4.297804163151522,1,0,0,1,1
36,1.0018774707996196,1.0122578279351033,0.8900747265732155,1,0,1,226482.14283877006,1,31730.94010788426,3.946038123396389,1,0,0,0,1
37,1.0233490013243292,1.003770427496357,0.8923768657434012,1,0,1,197210.2842260931,1,33236.043766084964,4.270184126797138,1,0,0,1,1
38,1.0173916914949306,1.0098920986293394,0.8505247386294772,1,0,1,209091.31259516103,1,30756.85236343485,4.133208753552753,1,0,0,1,1
39,1.0036071459008855,0.991675267445534,1.1155767840591597,1,0,1,204560.78079320444,1,40099.73410544587,4.1183116349155,1,0,1,1,1
40,0.9478433480828763,0.9885573956748016,0.9019959636209357,1,0,1,256905.55640845036,1,33250.17311319832,3.5646387498004155,1,0,0,0,1
41,0.9837908388867461,0.9938762632353269,0.9494459139764835,1,0,1,226376.68312026118,1,33499.99880949621,3.874467619703573,1,0,0,0,1
42,0.9981966775652886,1.0114891001533466,0.937003364080782,1,0,1,229321.492522955,1,33480.27984240965,3.9144245170690772,1,0,0,0,1
43,0.9856381329019623,0.9960026197461488,1.0790907613839908,1,0,1,226631.00944424386,1,38063.95592997662,3.8796174980729004,1,0,1,0,1
44,0.9928760725697959,0.993167400949396,0.7521284828925823,1,0,1,216684.00992474373,1,26351.34074521078,3.969499188872151,1,0,0,0,1
45,0.9941446633459627,1.0076722849930035,1.1550016683862085,1,0,1,229600.08421666082,1,41090.12527539024,3.89559638572457,1,0,1,0,1
46,0.9674827770425486,1.0131139834799594,0.899422770113962,1,0,1,260697.6517469391,1,33751.032235985374,3.620068751892978,1,0,0,0,1
47,1.0114302626614704,1.0084282774886217,1.0470858869966289,1,0,1,213467.55330113292,1,37169.348300239864,4.069901537690909,1,0,1,1,1
48,1.0174787682849926,1.0056270547922155,0.942639780735015,1,0,1,204803.2849914297,1,34349.475804785965,4.17303948872534,1,0,0,1,1
49,0.9682849969358054,0.9948642365077266,1.0427460904010473,1,0,1,242673.88248833263,1,37571.13992716771,3.719655394476943,1,0,1,0,1
50,1.0454115011875271,0.9988983769714794,0.8662177888404523,1,0,1,170594.51911178458,1,34588.33937947415,4.645609363781043,1,0,0,1,1
51,1.0167970485834001,1.0026971205168353,0.7923072396889054,1,0,1,202564.06746158452,1,29088.659041478375,4.1914117865963645,1,0,0,1,1
52,0.9834112830488719,1.0023547503072083,1.1373154619622758,1,0,1,234984.6805045206,1,40637.07690174107,3.8219209873025557,1,0,1,0,1
53,0.9829550601639954,0.9925546644266784,1.1577076474526602,1,0,1,225908.632304941,1,40689.258163021215,3.8727300505988005,1,0,1,0,1
54,1.026806110324852,1.0065321966652951,0.9863355064780576,1,0,1,196583.44712238177,1,36808.245837849456,4.290767725431318,1,0,1,1,1
55,1.0131603517747327,1.0202155539397981,1.0793881450167382,1,0,1,223197.51560020488,1,38407.00896433377,4.009964056797748,1,0,1,1,1
56,0.9680659419707813,1.0045985775135455,0.998778608344606,1,0,1,252164.66758373327,1,36725.49348930411,3.667096681516006,1,0,1,0,1
57,0.9830076841670481,1.011439736827259,0.7737678098196675,1,0,1,244045.1484105382,1,28249.2646802862,3.7714636499206957,1,0,0,0,1
58,0.997508325623685,0.9767286903798521,0.8886717782697495,1,0,1,195469.63551754912,1,32573.699594516766,4.178968185090353,1,0,0,1,1
59,0.9913899804751567,0.9872045006603555,1.0657364885573382,1,0,1,212225.3775817601,1,37344.99346493971,3.999918499903341,1,0,1,0,1
60,1.003952479939665,0.9895431423304648,0.9593435070688671,1,0,1,202072.76877976587,1,34792.88573979078,4.143009853017013,1,0,0,1,1
61,1.0443029109009707,1.009184896751311,1.0004138855962006,1,0,1,182167.66947968636,1,38937.76522272268,4.513222138186714,1,0,1,1,1
62,1.0422236731362278,0.9908938465674729,1.0468763467052074,1,0,1,165443.32045366633,1,41933.739475383314,4.6903966066822695,1,0,1,1,1
63,1.0015949702758746,1.0044961841561026,0.9136682762398323,1,1,1,219236.35869645287,1,32186.256894563518,3.9883864682927626,0,0,0,0,0
64,0.9882885931676495,0.9947059354474442,0.8869132391334262,1,0,1,222741.15800013609,1,31204.275976385445,3.9141887071434365,1,0,0,0,1
65,1.007306727549313,0.995053056807844,0.8646990846176166,1,0,1,204282.9572970852,1,31351.65449411043,4.136156780484414,1,0,0,1,1
66,1.0300410019621178,0.9947189043439684,1.1986664850188509,1,0,1,181468.05361831386,1,46028.39666781547,4.458957842625068,1,0,1,1,1
67,1.0229604754744488,0.9935312082061146,0.9297818584196986,1,0,1,187260.45788477076,1,35307.34010138584,4.368164747475345,1,0,1,1,1
68,1.027050309292734,0.9984756280302429,0.9000118581503244,1,0,1,188246.4752201747,1,34236.19808894213,4.3755185780075845,1,0,0,1,1
69,1.0044579078314417,0.9939558093896059,1.1031829721240725,1,0,1,206002.78366319538,1,39564.61165960948,4.108449455429078,1,0,1,1,1
70,0.9739972146661103,0.9952588450656541,0.8199476932709423,1,0,1,237408.2254257269,1,29405.877904076042,3.773187915894003,1,0,0,0,1
71,0.9887294508583323,1.006909593818027,0.8854689820864567,1,0,1,234154.97930659913,1,31773.824491539257,3.849169422336803,1,0,0,0,1
72,0.9787007873165248,1.011208715540995,0.9022437066449464,1,0,1,248016.07252859633,1,33089.15812449038,3.7317805277229867,1,0,0,0,1
73,0.9841591718592398,1.000748925785746,1.1950613795605631,1,0,1,232701.0262900365,1,42506.94002659502,3.837650754878197,1,0,1,0,1
74,1.020268666687473,1.0092057619086046,1.035811755287239,1,0,1,205613.22998174815,1,37684.78590893721,4.176850500125144,1,0,1,1,1
75,0.9909550445593664,0.9950683896661899,1.0843266903929667,1,0,1,220461.42834055348,1,37968.00871494843,3.9375143448206398,1,0,1,0,1
76,1.007045788534801,0.9981115392213424,1.067722845791634,1,0,1,207591.17883369222,1,38262.130595372095,4.104585918388288,1,0,1,1,1
77,0.9752548684166311,0.9876708122533864,0.9580588357730346,1,0,1,228760.33344781946,1,33786.808151254125,3.8266258381470353,1,0,0,0,1
78,1.0020981160471625,1.0026575890998544,0.8997804507471072,1,1,1,216944.36189299962,1,31643.688723752315,4.004460141701198,0,0,0,1,1
79,1.033456200279938,0.9963422602885409,0.926799054290668,1,0,1,179756.18592206558,1,36003.80897306734,4.492044915943635,1,0,1,1,1
80,0.9950468433539379,1.0051195811957514,1.080136711023663,1,0,1,226252.79674834077,1,38263.32816935914,3.919340014203928,1,0,1,0,1
81,1.006860941379088,0.9996107540525839,0.8756119587558986,1,0,1,209261.44341481564,1,31381.259599880814,4.088833883390844,1,0,0,1,1
82,0.9749134488930984,1.0001284937497037,0.8774449021934586,1,0,1,241194.05334685894,1,31688.54319494369,3.755137689655854,1,0,0,0,1
83,1.0199582159098746,1.0112760249196286,1.0457649400814117,1,0,1,207950.87125249056,1,37833.93821493769,4.153981575366844,1,0,1,1,1
84,1.0197102436674386,0.9888276582995488,1.0905608791696448,1,0,1,185676.1286906951,1,41302.95023265986,4.370502113321688,1,0,1,1,1
85,1.007230371939854,0.992387197742609,0.8065618726923597,1,0,1,201683.73697790643,1,29443.463919123005,4.1602443523754005,1,0,0,1,1
86,0.9786494750701572,0.9887010167455669,1.122839523594541,1,0,1,226395.29404710064,1,39424.882947453254,3.852891866673207,1,0,1,0,1
87,0.9995899342513681,1.0027757251833636,1.0397303983996542,1,0,1,219520.45146254165,1,36542.54812839565,3.9781074202435986,1,0,1,0,1
88,0.9981180964644258,0.9918539313788675,0.9111291822732419,1,0,1,210183.4301620311,1,32344.622311329862,4.045138229115138,1,0,0,1,1
89,0.9796312433070933,1.0031802207881837,0.9627331225435304,1,0,1,239484.99947739457,1,34700.46960868307,3.782597600391802,1,0,0,0,1
90,0.9970092243441592,0.989060518821377,0.8785070348761816,1,0,1,208490.72111463535,1,31299.706187116324,4.05563313781586,1,0,0,1,1
91,1.0283808416269475,0.9903670124898436,1.0095922632323262,1,0,1,178641.26029604446,1,39086.55643653321,4.481901790762749,1,0,1,1,1
92,1.010701590198139,1.001449196330019,0.9786532310743529,1,0,1,207307.91736075404,1,35255.71458424072,4.122097051451427,1,0,1,1,1
93,1.0155198683838367,0.9968019756494086,0.9941573307310624,1,0,1,197925.51439036638,1,36673.33376150494,4.230547996501578,1,0,1,1,1
94,0.9925539180354483,1.0130571410852085,0.8384628841716718,1,0,1,236302.62867336633,1,30281.401270635313,3.852106997922106,1,0,0,0,1
95,1.0074285963511231,1.0120621667541154,0.9084709353309249,1,1,1,220898.74370273965,1,32185.959497304117,4.001690138456912,0,0,0,1,1
96,0.9918998882488342,0.998199454388879,0.8882273414924433,1,0,1,222603.01914708858,1,31303.171565862544,3.9294155046142154,1,0,0,0,1
97,1.0022036680254338,0.9931995074335455,1.1289677483295144,1,0,1,207478.42445404903,1,40266.247435088175,4.0857760396641885,1,0,1,1,1
98,1.0403225443922661,1.0059363506718328,0.8730390844824603,1,0,1,182772.76938940823,1,33929.91969586826,4.489576862088595,1,0,0,1,1
99,1.0181892007792706,0.9995961122519428,0.8318493861962661,1,0,1,198099.90088696912,1,30841.330645709557,4.240003595024395,1,0,0,1,1
100,0.9800254699272775,0.990823275439167,0.9490463373702756,1,0,1,227114.80466673052,1,33461.84408373271,3.8551766629986854,1,0,0,0,1
101,0.9993161236211472,0.9990678663915461,0.7352410521293077,1,1,1,216151.07305489393,1,25898.414365972785,3.998735374625983,0,0,0,0,0
102,0.9902594425895858,1.0106331829372959,1.1512001176481506,1,0,1,236224.4080933124,1,41362.89711265057,3.8416933351434843,1,0,1,0,1
103,0.997906616835594,0.9966783110072358,0.9172083577885057,1,1,1,215183.27281634463,1,32183.18082252141,4.000559760742447,0,0,0,1,1
104,0.9810995625884567,1.0221594315617604,1.1613904376478859,1,0,1,255906.6139501487,1,43236.78507448422,3.6954814440540362,1,0,1,0,1
105,0.9669129506841859,0.9916230587584375,0.8972826350962744,1,0,1,240905.8318314865,1,32250.784341783394,3.7252911397587,1,0,0,0,1
106,0.9731854040498019,0.996637813952375,1.0833607607252458,1,0,1,239541.35252452665,1,38866.785753360935,3.7561010180742227,1,0,1,0,1
107,0.98778712001815,0.9865394308205349,0.9230542424562407,1,0,1,215151.7221486462,1,32133.827250480008,3.960185819037637,1,0,0,0,1
108,0.9975544350967306,0.994594083489832,0.7832550030942435,1,1,1,213467.80014312215,1,27660.17581221391,4.014091585154234,0,0,0,1,1
109,1.0167961667342909,1.0077317569007909,0.9963550352761585,1,0,1,207548.1070427975,1,36028.576348344155,4.144767007657856,1,0,1,1,1
110,1.00934003773093,0.9996782182268821,1.052090642465668,1,0,1,206888.9825537668,1,37839.33764874224,4.120270889001777,1,0,1,1,1
111,0.9804300455534523,0.9957150739938178,1.0508436658421842,1,0,1,231494.58906769083,1,37294.09814935929,3.8307946300794478,1,0,1,0,1
112,1.0481271993317474,0.9902427782535563,0.9508562848134811,1,0,1,158899.25380200497,1,38778.47675443079,4.794508328371474,1,0,1,1,1
113,0.9914789118185338,0.9891439233038017,0.9152488228037512,1,0,1,214073.51625463105,1,32037.536537047283,3.984293015970589,1,0,0,0,1
114,0.980067157001916,0.9991346367112586,1.064209838581083,1,0,1,235166.58900111,1,38007.581987915095,3.808167500851268,1,0,1,0,1
115,0.9731196488794119,1.0148186048923589,1.0725248726499657,1,0,1,256811.91065630608,1,39902.20484896422,3.6606656422779,1,0,1,0,1
116,0.9915882805834544,0.984959674218924,0.8943184074624569,1,1,1,209776.0017934924,1,31628.625146659713,4.0222018886926065,0,0,0,1,1
117,1.0218170743521569,1.0021071393432832,0.8464880994200641,1,0,1,197049.51629704807,1,31531.147989540026,4.265366774771809,1,0,0,1,1
118,1.016845070965836,1.0035334755210186,1.0731632664475232,1,0,1,203348.41629548836,1,39104.89773686197,4.184130584188123,1,0,1,1,1
119,0.9568956334143826,1.0024177505348446,0.86444581408421,1,0,1,261063.31666087126,1,32328.03523700971,3.578001666210824,1,0,0,0,1
120,0.9990362441562775,0.9957807644991657,1.0302391756222467,1,1,1,213179.84244997054,1,36261.54679458963,4.022459011788533,0,0,1,1,1
121,1.0187844528884293,1.0090754808590825,1.0403798761314484,1,0,1,206931.75040217617,1,37694.76417418736,4.158514685216121,1,0,1,1,1
122,0.9794096301854452,1.0149641762188646,1.0187918281296022,1,0,1,250851.64796727238,1,37543.92689649013,3.7179562392623353,1,0,1,0,1
123,0.981268758039652,1.0049069189085225,1.0251328241694975,1,0,1,239532.6535251576,1,36954.75205849877,3.7883045835452607,1,0,1,0,1
124,1.0076703375038243,0.989852056271516,1.116707686460356,1,0,1,198689.76842142112,1,40778.06870115571,4.190472916528192,1,0,1,1,1
125,0.9847448402762462,0.9891081759503852,0.8804935465881878,1,0,1,220734.5209975054,1,30825.966734044858,3.9119324537178737,1,0,0,0,1
126,0.9976462196186194,1.0027961516126822,0.9240073424003558,1,0,1,221446.90300643625,1,32589.04287369605,3.9591585696974647,1,0,0,0,1
127,0.9809048041374687,1.0063575144751493,0.8931300702267936,1,0,1,241272.78263960883,1,32350.106030798455,3.777967869278826,1,0,0,0,1
128,1.019537993006994,1.0161370323796843,0.9055309907988331,1,0,1,213103.50711392146,1,32468.53767546684,4.105837788933735,1,0,0,1,1
129,0.9969701451894187,0.9873689236429085,1.0295758312358252,1,0,1,206830.879922667,1,36701.93779917391,4.070270960078143,1,0,1,1,1
130,0.9790604538235527,1.0099275892031065,0.8384420754680366,1,0,1,246458.20296240837,1,30679.279125368797,3.7422803121705566,1,0,0,0,1
131,1.0058057277041037,0.9918218517874285,0.9851142021510132,1,0,1,202527.510754715,1,35723.805736422546,4.14638173191903,1,0,1,1,1
132,1.0015531717396768,0.9947291788136887,1.1193917402381404,1,0,1,209647.84938226367,1,39719.74879411565,4.063761317725032,1,0,1,1,1
133,1.0219853559898067,1.0061563471135782,1.266842018004995,1,0,1,200921.30993505585,1,46400.23135989297,4.2284638794198885,1,0,1,1,1
134,0.9885657677844896,1.007400341766503,0.9671115649708942,1,0,1,234785.13564842212,1,34706.461654575054,3.844421211943859,1,0,0,0,1
135,1.0143782957855547,0.9920990125857808,0.8946407051850295,1,0,1,194307.02345903305,1,33294.132616233976,4.261083773959352,1,0,0,1,1
136,1.0286443562563428,0.9903192145047638,1.1582629287692277,1,0,1,178330.24976567493,1,44738.07007499757,4.486379542376466,1,0,1,1,1
137,1.011765183779283,0.9976884902959456,1.0745233437294006,1,0,1,202517.59755210578,1,39072.36386193951,4.171044720834291,1,0,1,1,1
138,0.9791385701615752,1.0028847473579177,0.9154179713504716,1,0,1,239685.26336020167,1,33018.64010815256,3.7798290165965005,1,0,0,0,1
139,0.9671884775834817,0.9968048766885096,0.8571326240190076,1,0,1,245619.6529535005,1,31122.562027955544,3.7006520204162596,1,0,0,0,1
140,0.9884064380492392,0.9906320353091408,1.0343683427377233,1,0,1,218605.30984563497,1,36089.68009971301,3.9386752700718497,1,0,1,0,1
141,1.0138979069490828,1.008661309723345,1.0686064889079692,1,0,1,211288.9930924874,1,38176.63926732593,4.099185737528834,1,0,1,1,1
142,0.9826638359694322,1.001191233505733,0.8507853192762018,1,0,1,234597.37995312962,1,30474.679407119387,3.822968693266371,1,0,0,0,1
143,0.9743737587694891,1.0180294794883533,0.9202951146513645,1,0,1,258575.03009175457,1,34462.542673753946,3.6575461457969105,1,0,0,0,1
144,0.9987752742965805,0.9778743303304777,1.0866234548861302,1,0,1,195372.13660589798,1,39712.79925671175,4.1851782728789,1,0,1,1,1
145,1.015447627835354,1.0097410198248835,0.9789750124550884,1,0,1,210836.7318000992,1,35116.97442739109,4.109558612841924,1,0,1,1,1
146,0.9848202340108226,1.0093506943330486,0.9897483356353813,1,0,1,240300.25460844894,1,35806.81912250105,3.798097910813273,1,0,1,0,1
147,0.9829686524055978,1.0085462246989754,0.9246784096171461,1,0,1,241340.46890376293,1,33518.80639666917,3.7854352937100457,1,0,0,0,1
148,1.0001370846240931,1.0106950788169686,0.924378530614846,1,0,1,226670.4896027866,1,32915.9470223389,3.9378500235310527,1,0,0,0,1
149,1.0258806955184994,0.9981831629485043,0.9626014926776796,1,0,1,189102.48806439916,1,36473.58594108369,4.361790739269198,1,0,1,1,1
150,1.0051084749319765,0.99838321689453,0.9388029818665732,1,0,1,209769.9425708772,1,33518.47745779505,4.077189458130354,1,0,0,1,1
151,0.9630386092487286,0.9983514309769432,1.2100840527991834,1,0,1,251186.6894879404,1,44181.786648358735,3.650766991073655,1,0,1,0,1
152,1.024457192774604,1.0009815229520644,1.0130002138404695,1,0,1,193327.3530629268,1,37971.864097649894,4.313178868665973,1,0,1,1,1
153,0.980310303490496,0.9997667966305346,1.099946190209413,1,0,1,235537.5016203929,1,39298.29018110662,3.8067607711423,1,0,1,0,1
154,1.0195658205991618,0.981889381776299,1.0096569616647912,1,0,1,178653.20556185005,1,38829.5991437301,4.4433468693577085,1,0,1,1,1
155,1.0322932488301486,1.016057902152785,1.0037653628558738,1,0,1,200678.68140435842,1,37275.96551442461,4.273535213769547,1,0,1,1,1
156,1.0027408710828136,1.0031758585004777,1.0603603926989573,1,1,1,216822.05799660838,1,37171.10996481587,4.0071490092393445,0,0,1,1,1
157,1.0026133178451633,1.0100329690278076,1.0679872656530336,1,0,1,223621.06299147295,1,37822.02413526068,3.965313657287777,1,0,1,0,1
158,1.0013494906677376,1.0037674923014508,0.9934401673882521,1,1,1,218765.04405952856,1,34929.46422620145,3.989969774774821,0,0,0,0,0
159,0.9956284162322988,0.9946532255320656,1.008690333161413,1,1,1,215431.27361037792,1,35243.233596566555,3.9891937682452414,0,0,1,0,1
160,0.9863181507754271,1.0128447557246685,0.838998062560852,1,0,1,242156.36002801667,1,30543.915896870927,3.7944812812144986,1,0,0,0,1
161,0.9681671186975148,0.981037398506512,0.8403699356567299,1,0,1,229299.47751593246,1,29600.002893261902,3.7961059291058477,1,0,0,0,1
162,1.0216220060836636,0.9911821889328473,0.8849091517542585,1,0,1,186188.380676609,1,33673.2016850495,4.373447484081413,1,0,0,1,1
163,0.9955089161373962,1.0126179108761737,1.1616387112539983,1,0,1,233014.315529691,1,41598.84396339582,3.880940285081198,1,0,1,0,1
164,0.9998277918010168,1.0139965922261256,0.9548370567183279,1,0,1,230139.59529425704,1,34186.09285032713,3.9159516133201686,1,0,0,0,1
165,0.991172118032163,0.9932060252012473,1.0916020812284597,1,0,1,218409.75053379912,1,38102.37722167748,3.95076346031578,1,0,1,0,1
166,0.9842554174653848,1.0096826747119778,0.8861896343019517,1,0,1,241166.11489833717,1,32148.757626135288,3.7917066454344335,1,0,0,0,1
167,1.025459886264262,0.9996830033400025,1.2464511411980475,1,0,1,191033.23454677925,1,46750.93026402758,4.340401820164703,1,0,1,1,1
168,0.9905411917118387,0.9818613584833784,1.193308753066796,1,1,1,207700.2095821452,1,42105.418842535924,4.036170830279714,0,0,1,1,1
169,1.0030368743566436,1.0056479935563327,0.8291344075587045,1,1,1,218949.39137504488,1,29251.060942791508,3.9962658385179406,0,0,0,0,0
170,0.9837470596872054,0.9969435804570244,1.1791937269297055,1,0,1,229415.443483487,1,41700.57610467616,3.8552357728431397,1,0,1,0,1
171,0.9852902843738719,0.9995115948654425,1.1998159106133977,1,0,1,230390.56865628413,1,42525.08710429788,3.855553840616274,1,0,1,0,1
172,1.0006184230932251,0.9841183922360096,0.7760704668478767,1,0,1,199904.24602698506,1,28313.437667242273,4.149678630179708,1,0,0,1,1
173,0.9949287268364898,1.0194860763437235,0.8876075940587745,1,0,1,240088.53386187617,1,32302.778420112176,3.8394681750341135,1,0,0,0,1
174,1.0348690148474404,1.0122958854610975,1.060942407800116,1,0,1,194462.19005986466,1,39949.27705590439,4.345625689640596,1,0,1,1,1
175,0.9973083965489458,0.9890325514555772,0.809620433582119,1,0,1,208165.14318302448,1,28914.304854504655,4.059775697386304,1,0,0,1,1
176,0.9828560129497848,1.0032978751657449,1.0365790903101488,1,0,1,236436.11594181164,1,37173.09007875385,3.8120855244440617,1,0,1,0,1
177,1.0361661865609733,1.0066408956171329,1.114660893728283,1,0,1,187545.95124968904,1,42562.02037910754,4.421594637811843,1,0,1,1,1
178,0.977223209831088,0.9981253624137486,0.969164494171739,1,0,1,236993.59786088142,1,34722.114138750054,3.7871645188108047,1,0,0,0,1
179,1.0041881910230945,1.0038851420420611,1.1289563431623513,1,0,1,216098.61744870426,1,39562.47490555874,4.017735350315155,1,0,1,1,1
180,0.9831436208808629,1.0048206662157901,0.9846326357079943,1,0,1,237614.8874844957,1,35416.16695429863,3.806809477934271,1,0,1,0,1
181,0.957463538950966,1.0067325852364286,1.1384208674905516,1,0,1,264532.6858025788,1,42797.28145855355,3.558257699092453,1,0,1,0,1
182,1.0125141052626332,0.9966071478389426,1.008110808945936,1,0,1,200696.17693946447,1,36873.60289913856,4.191438383263592,1,0,1,1,1
183,1.009957338405721,1.0012675013217982,1.1097103111139734,1,0,1,207858.99319870927,1,39797.17131367876,4.113987790402478,1,0,1,1,1
184,0.9988774240826855,0.9940608159485246,0.964384704200932,1,0,1,211629.54565053282,1,34105.777563046395,4.0354327771003655,1,0,0,1,1
185,0.9889119251566963,0.9994101729281437,0.9593381887202864,1,0,1,226727.82985770394,1,33955.29109438004,3.892734149964926,1,0,0,0,1
186,1.0038783132980726,0.9950901152322519,0.9936210960932569,1,0,1,207708.6657485094,1,35565.5433199545,4.090595391492579,1,0,1,1,1
187,0.9850821808176579,0.993413655135953,1.0545747327236419,1,0,1,224644.70793101442,1,37074.209730063696,3.8892338154339434,1,0,1,0,1
188,0.9952837534797175,1.0145168147818031,1.0976900414337487,1,0,1,235042.47704190703,1,39479.16673618806,3.868634174409432,1,0,1,0,1
189,0.9640855554278415,1.010327501990703,1.0440942919979999,1,0,1,261414.4317995918,1,39117.933773852455,3.601568743346481,1,0,1,0,1
190,0.9938480458470378,1.0223042978307169,0.9275108845466331,1,0,1,243774.60288277356,1,33960.41131696213,3.8140838146369056,1,0,0,0,1
191,0.9573871849668772,1.0026733848171554,1.0318240231007019,1,0,1,260820.4651977801,1,38493.72676596119,3.579090576219079,1,0,1,0,1
192,1.0009312682235498,1.003205866088014,0.9408792955758476,1,1,1,218625.6844946014,1,33090.36619130624,3.989342891270527,0,0,0,0,0
193,1.0421359354416246,1.0152270125133716,0.9501705212887896,1,0,1,190324.91342677816,1,36366.094651361826,4.4183199345272515,1,0,1,1,1
194,0.9995949263236753,0.9816074479744817,1.1364429164219545,1,0,1,198371.5521690272,1,41254.65249445396,4.159879458121111,1,0,1,1,1
195,1.0131321690393638,0.9936995754479037,0.9915867138557619,1,0,1,197160.47043519572,1,36573.14007242329,4.227996818573593,1,0,1,1,1
196,1.0042513347332542,1.0125767546318023,0.8124088939546193,1,0,1,224482.80486179393,1,28933.519229537727,3.9677756405917752,1,0,0,0,1
197,0.9982027212695355,0.9908359530460983,0.8741172869913152,1,0,1,209082.50107307365,1,31133.452205077094,4.05524009080889,1,0,0,1,1
198,0.9966049674153407,1.020159367883952,0.9460678256100692,1,0,1,239106.00967712235,1,34370.244296706405,3.8512553633181206,1,0,0,0,1
199,0.9612340469024034,1.0020008303338435,1.1016900878035334,1,0,1,256413.92138491938,1,40715.663542296286,3.616648062971657,1,0,1,0,1
200,1.0196763384237677,0.9809466233313431,0.9090925916923982,1,0,1,177560.85984352493,1,35112.481186781726,4.45548615361506,1,0,1,1,1
201,0.999830695298657,0.9938648056902664,1.0255670247085318,1,0,1,210491.2072913497,1,36343.7898648548,4.0493262125119935,1,0,1,1,1
202,1.0008908583268838,1.005969666469448,0.898146047736196,1,0,1,221361.4113879925,1,31737.71454888669,3.972770168641795,1,0,0,0,1
203,0.9781428189373221,0.9963704758270786,0.9932151078113476,1,0,1,234389.75163151172,1,35417.806464716195,3.8054702641417357,1,0,1,0,1
204,1.0146369829782773,1.0016467706341305,1.1150715271997933,1,0,1,203639.43610188336,1,40502.72145808988,4.172283394418016,1,0,1,1,1
205,0.9928943638564308,1.0035094578977983,1.2636913303101343,1,0,1,226800.05932407442,1,44651.99925746911,3.906579154503861,1,0,1,0,1
206,0.9810190319109804,0.9942231618478987,0.8294428777960597,1,0,1,229458.61200419388,1,29422.655307004825,3.8461504237143647,1,0,0,0,1
207,0.9615383058640368,1.001236704405506,1.1247585609763215,1,0,1,255394.84285070363,1,41466.30238740348,3.62305862785801,1,0,1,0,1
208,0.9300256288589104,1.0155257951137313,0.8286148659377707,1,0,1,299208.1356044719,1,34230.904330696714,3.2836331728313595,1,0,0,0,1
209,0.9920347595701506,1.0064932025581206,0.8505758080055884,1,0,1,230525.333611738,1,30392.271076728182,3.8834108575627235,1,0,0,0,1
210,1.0436440467882964,1.0088045354203794,1.0595479745256549,1,0,1,182426.30167392484,1,41147.01062963325,4.507602091093206,1,0,1,1,1
211,0.9840307547867074,1.0055260738866605,1.0363115665170677,1,0,1,237422.1719722412,1,37253.8650924247,3.8110872378666585,1,0,1,0,1
212,1.0332449678173794,1.0017109962499722,1.0065716724400697,1,0,1,185431.518403063,1,38599.83817473608,4.431094387187276,1,0,1,1,1
213,0.9774198198804019,0.9993741329297113,1.1413982047019524,1,0,1,238003.42665807542,1,40884.337749883955,3.781031922190322,1,0,1,0,1
214,0.9991989203288167,1.0053601033124653,1.1815237739584155,1,0,1,222423.40850767365,1,41626.14961483309,3.9583569147817594,1,0,1,0,1
215,0.9857315978677677,0.9908949398529974,0.897075519433811,1,0,1,221520.93122297723,1,31454.343715487554,3.911144214499829,1,0,0,0,1
216,1.0074337979354702,0.9937915569317947,1.0119399031292622,1,0,1,202893.1865375351,1,36692.77972884769,4.149657627778129,1,0,1,1,1
217,0.960276738404816,1.0121180603241435,1.0149920171615072,1,0,1,266776.3574900578,1,38476.501487578294,3.5589170281004363,1,0,1,0,1
218,1.0555471994644998,1.0074892648894709,0.9119818312891139,1,0,1,169476.95204035635,1,36730.634773044396,4.703484428020353,1,0,1,1,1
219,0.9701997514808819,1.0001646186282651,1.0503163754699636,1,0,1,245864.35909783095,1,38123.018398074324,3.709414099487982,1,0,1,0,1
220,1.0309172765700843,1.0015766512330282,0.9036474030602192,1,0,1,187581.37822667044,1,34518.55997501916,4.398844037904527,1,0,0,1,1
221,0.9954771990315814,0.9923718552289603,1.069889167813934,1,1,1,213317.5850532524,1,37511.80238482472,4.0068749694636585,0,0,1,1,1
222,1.0211853598006366,0.9917097242483747,1.104791279151418,1,0,1,187160.87786214647,1,41752.04397283605,4.361580806044985,1,0,1,1,1
223,1.003309413673691,0.9966373115036539,0.8994036297762923,1,0,1,209810.71713402536,1,32090.70982873669,4.0695194279207225,1,0,0,1,1
224,1.011414465915249,1.022893905879544,1.0437889285794004,1,1,1,227434.07294351375,1,37376.81849056803,3.9775365800407836,0,0,1,0,1
225,1.0095976576372405,1.007601611978234,0.9704521266373104,1,0,1,214447.06081551954,1,34379.213810243906,4.05394202036059,1,0,0,1,1
226,1.0175011746690332,0.9934964340120079,0.9162662424628272,1,0,1,192629.81747745577,1,34283.502630293595,4.290810396170377,1,0,0,1,1
227,0.9983847113161801,0.9930321334165964,1.0414155461439214,1,0,1,211093.72375574493,1,36802.30131174027,4.038118145260909,1,0,1,1,1
228,1.02603131050661,1.005577122581825,0.8874534270564022,1,0,1,196388.52889077237,1,33180.80808127365,4.2894634610391495,1,0,0,1,1
229,1.0228328862203575,0.9942932538642599,1.0784430018759137,1,0,1,188162.71519539715,1,40747.40860219158,4.358381774750806,1,0,1,1,1
230,1.0051437082282015,0.9949501779028835,1.0402171285852846,1,0,1,206318.25337232678,1,37348.56951148969,4.108361997153296,1,0,1,1,1
231,1.002779470599896,0.9853572765937929,0.9443381586877233,1,0,1,199004.34220380132,1,34455.137168465495,4.167157519359097,1,0,0,1,1
232,0.9951760439499494,0.986250018452568,1.0291885712398945,1,0,1,207493.54942653008,1,36584.063174957424,4.0570484432844065,1,0,1,1,1
233,1.0393964870223493,0.9882099948849326,1.0202517589228837,1,0,1,165447.56561255682,1,40804.22517523943,4.677625292062165,1,0,1,1,1
234,1.020301339070485,0.9791164020074521,1.1549602056243584,1,0,1,175021.8056407355,1,44614.63647362948,4.4855285018216655,1,0,1,1,1
235,0.9612062114937655,0.9998579699181203,1.0897989064383835,1,0,1,254418.9628127939,1,40098.038852032674,3.6273886538281244,1,0,1,0,1
236,0.9883269494168239,0.998728278150167,0.9958098064535141,1,0,1,226639.40419807576,1,35213.55688219643,3.8907308971447074,1,0,1,0,1
237,1.0006229447048183,0.9902764238396045,1.0389856108421074,1,0,1,206118.79657677375,1,37192.718812320396,4.091699092313111,1,0,1,1,1
238,1.0017349846406072,0.9886453247136694,0.8739103796319369,1,0,1,203372.64157367992,1,31607.398447111256,4.121722842158874,1,0,0,1,1
239,1.0381933790881464,0.9879017226836645,1.335237978225408,1,0,1,166322.60985654948,1,52916.69042797466,4.66211420342581,1,0,1,1,1
240,1.0031679546173564,0.9949712616233181,0.9583806086740302,1,0,1,208292.47570004,1,34265.89428129026,4.082473220395774,1,0,0,1,1
241,0.9701126081888304,0.9762509980764107,1.0016031778293475,1,0,1,222580.07545882952,1,34841.62281696001,3.841787811678531,1,0,0,0,1
242,0.9991652909103965,0.9883519103689653,1.01439424307381,1,0,1,205634.0426899279,1,36329.07247432235,4.0901937088476075,1,0,1,1,1
243,1.02488598594205,1.000820651803635,1.1315910003563157,1,0,1,192744.2359755722,1,42377.03318595043,4.320797699005129,1,0,1,1,1
244,1.017359008037502,1.0031790182581835,1.101679616250682,1,0,1,202492.2760929211,1,40210.603155470126,4.194359956843435,1,0,1,1,1
245,1.0342917372605287,0.9964070497562908,1.09666760792618,1,0,1,178997.7708206367,1,42539.43908451399,4.5038251267322424,1,0,1,1,1
246,1.0391480685161223,1.0018414186157583,1.0982030724250529,1,0,1,179767.93452635466,1,42689.66286299389,4.516655352321423,1,0,1,1,1
247,1.0125246360071773,1.0029120483563596,0.9872685329772525,1,0,1,206967.97150827362,1,35636.172615197276,4.132590166503701,1,0,1,1,1
248,1.0076502893703088,0.9917843936502498,0.8211064413307663,1,0,1,200660.48489808786,1,30041.179320018942,4.171662945677682,1,0,0,1,1
249,0.999230313595898,0.9928660057592412,0.9986013725145328,1,0,1,210090.6106301837,1,35423.49688115422,4.050415684817604,1,0,1,1,1
250,0.9771233694956161,0.9873852187685552,0.8666072458524595,1,0,1,226618.0680235658,1,30515.608805254065,3.846998046335679,1,0,0,0,1
251,1.0274882789663502,1.0191117180042903,1.091619588334141,1,0,1,208310.81837418425,1,39650.61689914102,4.181342552181986,1,0,1,1,1
252,1.016604558965999,1.0051857993249402,0.9797298365787076,1,0,1,205221.95735185966,1,35616.96066466282,4.16551267052215,1,0,1,1,1
253,0.9719413586610762,1.0125127069313722,0.9460269128395281,1,0,1,255808.57899482,1,35153.957401713604,3.662823466283154,1,0,1,0,1
254,0.9946487897556902,1.0000113910181452,0.9563987125288022,1,0,1,221670.22398651612,1,33675.60648169633,3.9456760180611448,1,0,0,0,1
255,0.9746365964588376,1.0035845882111836,0.893569864193823,1,0,1,244767.2690490854,1,32492.365919481497,3.7340417768738736,1,0,0,0,1
256,0.9858637034328064,0.9996620812275425,1.0484535939894017,1,0,1,229972.31057196122,1,37214.98366895973,3.861168232283601,1,0,1,0,1
257,1.002144775435381,0.9991066917838577,1.1815783718545423,1,0,1,213404.5989439608,1,41536.83146922236,4.032999983844266,1,0,1,1,1
258,1.0187336028168488,0.9890445385082521,0.9303922962806745,1,0,1,186869.8134888201,1,35244.82390456726,4.354096573701516,1,0,1,1,1
259,0.9831007106178623,1.0038064819208639,0.907488569641943,1,0,1,236684.57069516805,1,32614.931790428,3.8124188130576897,1,0,0,0,1
260,0.9995439280935683,1.004409132797049,1.0600464387864523,1,0,1,221159.9891382957,1,37340.525753741415,3.967904545078128,1,0,1,0,1
261,0.9686384110775087,0.9825440625117097,0.7804919009595555,1,0,1,230316.13205175532,1,27567.98324092142,3.7925294454611977,1,0,0,0,1
262,0.9811319623827901,0.9984235736203836,0.8666472913280345,1,0,1,233430.54272836132,1,30944.87221868597,3.8235008783280953,1,0,0,0,1
263,0.9884027057935617,0.9968212609154057,0.8927039186999675,1,0,1,224702.46649339137,1,31503.367982465526,3.9029588538697606,1,0,0,0,1
264,0.9953067214178133,1.0019482562567064,0.9706496782274772,1,0,1,222915.47617579985,1,34248.647176747945,3.940774021193139,1,0,0,0,1
265,1.0217508263000077,1.0053118268081953,0.9173054580533023,1,0,1,200311.4517847905,1,33881.16923933625,4.233417036838697,1,0,0,1,1
266,0.9857986864719261,0.9975091588365256,1.058263259964639,1,0,1,227942.73637298285,1,37425.53718702499,3.872683417607534,1,0,1,0,1
267,0.9895147245620799,0.9835988226530873,0.8910572417020164,1,0,1,210479.69486689894,1,31415.235183270233,4.007643539402201,1,0,0,1,1
268,0.9887356399226005,0.9967329510905496,1.0692441866937639,1,0,1,224287.47825059638,1,37633.7189559388,3.9058808252269936,1,0,1,0,1
269,1.002957597856488,0.9942648484804694,0.8909816977964493,1,0,1,207796.0343735871,1,31930.81873027423,4.0861191886640755,1,0,0,1,1
270,0.999639198579328,1.001712806728996,0.9112562476085,1,1,1,218431.6658102547,1,32027.8398664139,3.9854588127459034,0,0,0,0,0
271,0.9848410001735474,1.0032413943267169,0.8938554833083656,1,0,1,234435.74662460462,1,32026.074323496417,3.8322099152630256,1,0,0,0,1
272,1.0045875170706677,1.0112365788341469,0.9716329275655908,1,0,1,222862.89548467757,1,34448.99428158096,3.978204879823753,1,0,0,0,1
273,0.9809294519654257,0.9983811060957057,0.9943292847372184,1,0,1,233588.8160121282,1,35455.24632867451,3.821065919063385,1,0,1,0,1
274,0.9869070551107472,0.9851371887082508,0.9569047328411654,1,0,1,214628.53920261562,1,33306.473102249955,3.961096070731104,1,0,0,0,1
275,1.0119910395789327,1.0014665988820144,0.8878169570136517,1,0,1,206058.84120302403,1,32164.157963867405,4.13881943177269,1,0,0,1,1
276,0.9792552768202928,1.01672443383997,0.9358797636814278,1,0,1,252644.16954208957,1,34656.51155017284,3.708238410042064,1,0,0,0,1
277,0.971630497884703,1.0051027660960397,1.0045711719278074,1,0,1,249151.82690807327,1,36759.9164073386,3.6972961504585036,1,0,1,0,1
278,0.9989332297017839,0.988827599684497,1.0626089512530985,1,0,1,206343.37744256796,1,37951.7102130433,4.082717157503132,1,0,1,1,1
279,1.009588441920741,1.0108177469055795,0.9557742567894979,1,0,1,217591.67405794084,1,33761.49306367082,4.030438531924585,1,0,0,1,1
280,1.058981808316558,0.9963077842019966,1.1076363272866374,1,0,1,154520.6559500282,1,45738.18356697393,4.898027285118686,1,0,1,1,1
281,1.0044383444639173,0.9994447619094309,0.9401953522845768,1,0,1,211481.14212697424,1,33420.665244003685,4.0592458875205235,1,0,0,1,1
282,0.9864898247396658,0.9729816381256502,0.9185281429403386,1,0,1,202739.80499387003,1,32849.0612441959,4.064739109363308,1,0,0,1,1
283,0.9996432920707042,1.0034896112886496,1.011953923033368,1,0,1,220165.62523876148,1,35615.743487372194,3.9745136566100276,1,0,1,0,1
284,1.0038426928581938,0.9989736175896026,0.9462606339376951,1,0,1,211601.324644666,1,33607.53890339842,4.055819178094285,1,0,0,1,1
285,1.0502138746455023,0.9861802145576017,1.1387558217404308,1,0,1,152529.25569212614,1,46862.708494544335,4.882162173438497,1,0,1,1,1
286,1.041251823939425,1.0162000079155904,1.004058423900468,1,0,1,192147.40275355347,1,38217.165432431466,4.395909732201853,1,0,1,1,1
287,1.0204734429309146,1.0100327130182638,1.0522647512289176,1,0,1,206227.96291926422,1,38224.462819625216,4.1719187379266405,1,0,1,1,1
288,0.9831830126039005,0.9989387338098128,0.936621069393835,1,0,1,231909.37269294303,1,33359.71354115996,3.839951237193724,1,0,0,0,1
289,1.0099022005132268,0.9857379967419017,0.8702095680269667,1,0,1,192283.70822128636,1,32426.92592461807,4.262174581769849,1,0,0,1,1
290,0.9824637825580116,0.9890108719975788,0.9134320238615401,1,0,1,222906.7725487454,1,32034.300767432695,3.889767867565677,1,0,0,0,1
291,1.0087563359918272,1.0053371761715373,0.8524575604848682,1,0,1,213050.23622734006,1,30349.948791672927,4.062875592501306,1,0,0,1,1
292,1.0182222571211839,1.009359999476951,1.0422224249123178,1,0,1,207759.37449080794,1,37674.67847381122,4.148651349627237,1,0,1,1,1
293,1.0040870730239935,1.0031967009256324,1.188731204779453,1,0,1,215522.52374756255,1,41641.33345873391,4.02228446942866,1,0,1,1,1
294,0.9743208336244277,1.011767399013001,1.1839421201803741,1,0,1,252799.75138636213,1,43624.80357068852,3.6860601932334363,1,0,1,0,1
295,0.9981096763261195,0.9874431697037663,1.003881739525239,1,0,1,205770.39511876227,1,35920.4972402053,4.0846143536814585,1,0,1,1,1
296,1.0279117187092532,0.9958737540881851,1.1311169255895968,1,0,1,184752.24649822147,1,43147.37856838804,4.415266115665185,1,0,1,1,1
297,0.9887271859774835,0.9969787615704635,1.04758721016398,1,0,1,224536.36520847166,1,36897.79238190446,3.9044809938917076,1,0,1,0,1
298,1.0120290483838024,1.0030525390691567,0.8866134657957444,1,0,1,207593.1139755306,1,32013.37688721759,4.124949329866886,1,0,0,1,1
299,1.0012237834409348,1.01706262702415,0.8489871000137872,1,0,1,231713.2856602082,1,30541.495788325978,3.912763521361632,1,0,0,0,1
300,0.9875834121047431,1.0107378103220626,1.144911277498071,1,0,1,238928.33622402867,1,41294.027196387455,3.815711022710394,1,0,1,0,1
301,1.0073709653561478,0.988037282439108,0.9786012766696881,1,0,1,197148.5611658782,1,35946.61647843205,4.204054211571663,1,0,1,1,1
302,1.003054897904612,0.9932499148696504,1.0704712552679132,1,0,1,206685.8077869811,1,38318.20042565505,4.096427647926408,1,0,1,1,1
303,0.9758270236057806,1.004865340496786,1.0536552959064611,1,0,1,244819.45713277732,1,38265.299934875664,3.737121489660852,1,0,1,0,1
304,0.9868270988264387,1.008780205347693,1.0547804454431293,1,0,1,237800.69053805718,1,37989.760958138555,3.8197860045450414,1,0,1,0,1
305,1.0070709711348398,0.990559088817943,0.7807815516704092,1,0,1,199999.51655428577,1,28617.78985734372,4.175544628037752,1,0,0,1,1
306,1.0077398764390615,0.9886225399978736,0.9302963088695443,1,0,1,197375.2543271538,1,34199.82196606426,4.203419413995991,1,0,0,1,1
307,1.0003581934233932,1.0146034793370102,0.9271726780500706,1,0,1,230205.58356972813,1,33220.05354338226,3.9178211473886173,1,0,0,0,1
308,0.9940718585962037,1.0238432354235951,0.9814994268859044,1,0,1,244996.7399625781,1,36006.21711655947,3.807701697716347,1,0,1,0,1
309,1.0311002599818833,0.9965243510828901,0.9905013285864782,1,0,1,182267.853863066,1,38172.23032222443,4.455088671642208,1,0,1,1,1
310,0.9768940045853727,0.9990986556579161,1.0330739909200302,1,0,1,238255.8125227476,1,37065.41653030543,3.7783195151456535,1,0,1,0,1
311,1.012869500588004,1.0024135970366579,1.0091072449749459,1,0,1,206135.9730065841,1,36484.5993754583,4.141672656267777,1,0,1,1,1
312,1.0162629724946644,1.0127621665683788,0.9350955880390676,1,0,1,212995.4319852129,1,33430.966470463376,4.093582911498191,1,0,0,1,1
313,0.9821080388470537,1.0035616028123233,0.9882303682174727,1,0,1,237422.47537561634,1,35512.58230911664,3.8038157314907015,1,0,1,0,1
314,0.9923694975391082,1.0066272940369543,1.0214962541045802,1,0,1,230327.17623336893,1,36414.121170789695,3.8850290538842867,1,0,1,0,1
315,0.9882272090007095,0.9987171832586444,0.88491917182292,1,0,1,226726.81443932105,1,31340.048251239703,3.890413333849435,1,0,0,0,1
316,0.9893376451344947,0.9877710383957041,1.0269594854490438,1,0,1,214835.56594247738,1,35743.38972420758,3.9690484333056766,1,0,1,0,1
317,1.001525400035454,1.0108936668288848,1.0720193936529459,1,0,1,225510.88851159508,1,38060.12373803628,3.949642586864446,1,0,1,0,1
318,0.9814559809383159,0.993276883930233,1.0091545645137237,1,0,1,228101.3710476678,1,35640.344199293955,3.854754629757472,1,0,1,0,1
319,1.0059633861930373,1.005570637226651,1.0107356273136268,1,0,1,216011.4622190976,1,35559.65169810189,4.02564844919818,1,0,1,1,1
320,1.0306933427152947,1.0040155813378835,0.7852116910089495,1,0,1,190260.2202987385,1,29901.729725161153,4.370465975381924,1,0,0,1,1
321,0.9986986226188248,1.0096087818850663,0.9186962544438747,1,0,1,227024.63578140747,1,32715.593607452443,3.9300513688337415,1,0,0,0,1
322,0.9800866518506115,1.0034495047030256,1.023474624792356,1,0,1,239296.34418940247,1,36857.21399967292,3.7850104642524003,1,0,1,0,1
323,1.0021001497031052,0.9866062727778333,0.9303296206713866,1,0,1,200948.98508157593,1,33795.025375368015,4.145928554748674,1,0,0,1,1
324,0.9786777801121638,1.0028392958445904,1.109148014718117,1,0,1,240093.56939219206,1,39933.903347420026,3.774362010059892,1,0,1,0,1
325,1.0199932625034152,1.025643354516649,1.0122893587008561,1,0,1,221814.09949344647,1,36101.51295766353,4.0459697638723,1,0,1,1,1
326,1.012066283512703,1.0032951301441142,1.013992909068685,1,0,1,207796.5869217649,1,36500.535202117084,4.123198845359955,1,0,1,1,1
327,1.0007553345985574,1.0073202932877228,1.00616820497729,1,0,1,222806.0420693003,1,35581.96093120357,3.9630707996852177,1,0,1,0,1
328,0.96466299769143,1.0065857527280533,1.0778940546372697,1,0,1,257361.1629834405,1,39997.2871083683,3.625071917869513,1,0,1,0,1
329,1.0361927825002275,0.9975976162150294,0.9592467540226024,1,0,1,178341.76431261632,1,37417.019617456455,4.519200930289006,1,0,1,1,1
330,0.9988874255425254,1.003233702872375,1.0054987652364926,1,0,1,220656.7273660953,1,35404.341311208605,3.968533258263487,1,0,1,0,1
331,1.0200028154677714,1.0079302903011684,1.0717954162392092,1,0,1,204614.32955856813,1,39042.318522754926,4.185156557569855,1,0,1,1,1
332,0.9624217975488711,1.0039827217507673,1.0287020878748516,1,0,1,257112.84569178818,1,38134.14473951933,3.618303717279163,1,0,1,0,1
333,0.99291511195407,0.9956892963394831,0.9568086096641623,1,0,1,219136.05304985086,1,33526.13841977855,3.9539716244278686,1,0,0,0,1
334,1.018337357170568,0.9882861223205538,0.9889227146860955,1,0,1,186486.60614137084,1,37433.66420189799,4.3563142749007655,1,0,1,1,1
335,1.0229222058815022,1.0056193471694095,1.019489404020579,1,0,1,199471.52787515725,1,37676.229075181305,4.2463762061378585,1,0,1,1,1
336,0.968439895819871,0.9968876125592272,1.0151817779775774,1,0,1,244464.26070966222,1,36725.844962450356,3.710587091225975,1,0,1,0,1
337,0.979930038760927,0.997452995331806,0.9265197841937394,1,0,1,233675.22349129745,1,33052.26125847557,3.817039088027084,1,0,0,0,1
338,0.9891161147256582,0.9958218950048241,0.9753113434780606,1,0,1,223019.14820083266,1,34302.86535663009,3.915404738782284,1,0,0,0,1
339,1.0436050955879725,1.0133797916638774,0.9284254166037796,1,0,1,187058.23756080033,1,35824.39090268365,4.458459506939007,1,0,1,1,1
340,0.9939973653200581,0.9932744780756575,1.1921244203592678,1,0,1,215679.54877964873,1,41446.772569783025,3.9804305898124346,1,0,1,0,1
341,0.9960740408145013,0.9986554311558338,1.026440363846253,1,0,1,218938.0087770177,1,35982.30032925787,3.9675707013151285,1,0,1,0,1
342,1.0116761738862894,0.9981149975508001,0.9157621940335606,1,0,1,203031.41092702514,1,33369.86208685648,4.16586045974853,1,0,0,1,1
343,1.0189800655655719,1.002409000358377,1.1953015046838056,1,0,1,200135.32582530827,1,43818.57577510005,4.223577911602102,1,0,1,1,1
344,1.0045993908260944,1.0066905498366343,1.0899836843463813,1,1,1,218438.82036437473,1,38321.526860412494,4.004627944077102,0,0,1,1,1
345,1.0257717553917625,0.996149366164503,0.9365680831878017,1,0,1,187146.13982436346,1,35643.84242403036,4.381348295994226,1,0,1,1,1
346,1.0082945054648715,0.9828501690518725,1.1241442186832777,1,0,1,190931.84256114566,1,41733.237373231095,4.268728292398484,1,0,1,1,1
347,1.0001594467406543,1.0127516297936394,1.1062402526877477,1,0,1,228625.238363755,1,39435.68238030989,3.9254823554278904,1,0,1,0,1
348,0.9969201470469647,0.9987193626247097,0.9329228862880083,1,0,1,218167.45163294557,1,32721.395253638526,3.9760365616867226,1,0,0,0,1
349,0.9550152324421252,0.9907383291748095,0.8916880304345014,1,0,1,251861.45064956712,1,32608.191963664518,3.6193046240332434,1,0,0,0,1
350,1.0015193040801287,0.9854487441431924,1.0932761193175287,1,0,1,200355.0248678358,1,39613.305600461055,4.149086838914318,1,0,1,1,1
351,1.0309175308597258,0.9926377977719626,1.0238971052049612,1,0,1,178464.10277966422,1,39717.52616546722,4.494865763393168,1,0,1,1,1
352,1.0358220366106727,0.994593988104886,1.1130046077977886,1,0,1,175623.044594844,1,43486.36427531806,4.547183830679935,1,0,1,1,1
353,1.0061963382520722,1.0001995405964856,1.069174127676461,1,0,1,210498.23771950882,1,38039.751773560805,4.075088781184828,1,0,1,1,1
354,0.9542369874720449,1.0049655553411136,1.02943637146293,1,0,1,266045.821769459,1,38844.427539228665,3.539415445293252,1,0,1,0,1
355,0.9848719614396233,1.0017841205080888,1.0479572857297896,1,0,1,233000.79922033957,1,37375.279164381966,3.8396502029612467,1,0,1,0,1
356,0.9762611175963529,1.0116477209547867,0.7967388641367831,1,0,1,250801.26851487177,1,29395.039005921968,3.7079458330816624,1,0,0,0,1
357,0.996659566982093,1.000350872186602,0.941075468053092,1,0,1,220025.07759227016,1,33092.857144641246,3.9637162583836694,1,0,0,0,1
358,0.9938885201619908,0.9816119696611763,1.0033717249053136,1,0,1,204094.00297463132,1,35918.49733707068,4.082714821543778,1,0,1,1,1
359,1.0087466926848063,1.0061389159408871,0.8542273551555586,1,0,1,213846.18875127885,1,30357.67158952508,4.05579976445239,1,0,0,1,1
360,1.0274582867935764,0.9820142980768239,0.9350754778616511,1,0,1,170877.9556375679,1,36767.3541683771,4.5626605444110195,1,0,1,1,1
361,1.0018669061192247,1.0157819220801398,0.8148275859335514,1,0,1,229869.7444193713,1,29242.203912151825,3.9263009151326633,1,0,0,0,1
362,1.031911754816771,1.0086476302082166,1.1300519615042415,1,0,1,193709.02096278325,1,42461.56029312066,4.340735460844853,1,0,1,1,1
363,1.0103576094133242,1.008407755087133,0.9702232964167931,1,0,1,214493.65445466648,1,34387.84707228544,4.056570378948537,1,0,0,1,1
364,0.9968533590933052,0.9857092059850596,1.0954851998618844,1,0,1,205275.1684201606,1,39129.14339438863,4.0839942855213,1,0,1,1,1
365,1.005022304996214,0.9760432858616465,0.9861923023813569,1,0,1,187192.03033348825,1,36904.95076656837,4.292214745227828,1,0,1,1,1
366,0.9939967822152312,0.9868696799370166,1.036930233259136,1,1,1,209291.97466809698,1,36672.31851665778,4.036266993751833,0,0,1,1,1
367,0.969785508411935,1.0063974094722297,1.02039685715874,1,0,1,252178.29429599707,1,37542.38301239419,3.6734739856809733,1,0,1,0,1
368,1.024276840329464,1.0163627582900094,1.075916559523415,1,0,1,208736.6664518261,1,38960.49375777942,4.16438757807206,1,0,1,1,1
369,0.9949613937196559,0.9968762206700527,1.1248440298458249,1,0,1,218284.8955550926,1,39317.49981652545,3.966627164271057,1,0,1,0,1
370,1.0140838546618494,1.0074313421520982,1.036392623068191,1,0,1,209900.26455103466,1,37171.910361330294,4.112416211154165,1,0,1,1,1
371,0.999466540045112,0.9995951411669909,1.0610318304829025,1,1,1,216522.08184971497,1,37109.33401863458,3.9958020225177413,0,0,1,0,1
372,0.9978915771317934,1.0118329428877448,1.015358612671452,1,0,1,229947.88908585673,1,36277.17370109836,3.9091351407437522,1,0,1,0,1
373,0.9790434668786334,1.0131580666416895,1.0852438143261791,1,0,1,249514.94801662356,1,39841.054310082975,3.723330389715165,1,0,1,0,1
374,0.9922361875326421,0.9841329921765349,1.0076998655629945,1,1,1,208296.6961614521,1,35691.18595978176,4.037915964261138,0,0,1,1,1
375,0.9744871952433687,1.0008115814323881,1.1088836884035604,1,0,1,242267.31422450073,1,40011.979736814676,3.745706983389546,1,0,1,0,1
376,0.9983619344940146,1.029852175674501,0.9390596638090417,1,0,1,246471.66425838735,1,34640.11736042573,3.8163243267280285,1,0,0,0,1
377,0.961570870846136,1.0120239902892212,1.2361694653297584,1,0,1,265431.87218766165,1,46601.11878429813,3.567907040758626,1,0,1,0,1
378,1.0071691582939586,0.9930224863472572,1.067963605750398,1,0,1,202383.01287435862,1,38714.27088363298,4.153348491877395,1,0,1,1,1
379,1.0226854841296813,0.9850635586371583,0.9181170514636967,1,0,1,178829.31216696987,1,35448.37554644794,4.45507715438766,1,0,1,1,1
380,0.9799979055696869,1.008649105369942,0.8798715075997909,1,0,1,244335.39768405678,1,32055.022372995318,3.7574052546185084,1,0,0,0,1
381,1.0350529394073198,0.9995481372517635,1.0034859064273893,1,0,1,181457.09449943935,1,38838.46534571394,4.480791541587022,1,0,1,1,1
382,0.9476883148650376,1.0152069800165786,0.9901745553858992,1,0,1,281812.3307699635,1,38888.94062778874,3.4335358259411155,1,0,1,0,1
383,0.9853072148284766,0.9933522882075916,1.0190956893925045,1,0,1,224361.64485165064,1,35833.45679231126,3.8919960141867485,1,0,1,0,1
384,0.9833636504644216,1.0069292931052216,0.8357873948656257,1,0,1,239415.32023852435,1,30223.59601354443,3.798412520961014,1,0,0,0,1
385,1.0170756223923358,0.9978235605696687,1.0160237409548127,1,0,1,197417.77762680163,1,37547.57011216137,4.2419559693741045,1,0,1,1,1
386,1.031521883978077,1.0044150220079184,1.0568505723715476,1,0,1,189850.4919163754,1,40075.66755720505,4.378130131479576,1,0,1,1,1
387,1.0065548451539998,0.9827883382042331,0.9722042686217551,1,0,1,192609.38330937066,1,36034.34178997936,4.24481983432903,1,0,1,1,1
388,1.0008200179725997,0.9956808957733966,0.9056944662304391,1,0,1,211318.8529021932,1,32139.689309985577,4.046090168854389,1,0,0,1,1
389,0.9964923688646408,0.9986012307293495,1.0119954162990705,1,0,1,218472.90357793373,1,35465.20846811013,3.9721212916331248,1,0,1,0,1
390,1.00512277791992,1.0030937985112534,0.960496804727071,1,0,1,214405.94889053493,1,33919.454755730556,4.036268880081619,1,0,0,1,1
391,1.0298295889051368,1.0039698755553361,1.1233493075761363,1,0,1,191060.38537047873,1,42379.279042310234,4.358643829585893,1,0,1,1,1
392,1.0026979761248676,0.9991422271546299,0.9987724939228267,1,0,1,212895.19088111172,1,35298.886035089665,4.039776520540686,1,0,1,1,1
393,0.9847759293335512,1.011884368692477,1.15566842573049,1,0,1,242746.34874620807,1,41927.93163989917,3.7829380325975426,1,0,1,0,1
394,0.9829182123344379,0.9916973898879836,1.2075267839838935,1,0,1,225103.06196830835,1,42354.973329125416,3.8770551871763157,1,0,1,0,1
395,0.996317248491782,0.9981310877058003,0.9931580466059486,1,0,1,218183.01360705675,1,34795.597063872425,3.9732523834024236,1,0,0,0,1
396,1.0034870742847564,1.005899008859483,0.9548556046782783,1,1,1,218753.9635444673,1,33627.68781138624,3.9987992257107554,0,0,0,0,0
397,0.9978769090887178,1.0040021363998142,0.8083401296026649,1,0,1,222396.22985230165,1,28599.190339212324,3.9548680379326897,1,0,0,0,1
398,1.0475742277119098,1.0069596327049506,1.1805614597216267,1,0,1,176722.99402328237,1,46369.86830209035,4.586621089561083,1,0,1,1,1
399,1.0030189063213366,0.9891279798853418,0.9963979319294431,1,0,1,202582.1629523153,1,36043.33553197331,4.134370219698183,1,0,1,1,1
400,0.9989298519258273,1.0212707553142164,0.9454911909050532,1,0,1,237912.45024526742,1,34312.14719496454,3.867210456383632,1,0,0,0,1
401,0.997951082439372,0.9932420340690286,1.2053243437517402,1,0,1,211732.32137743116,1,42375.95926750683,4.030701756067244,1,0,1,1,1
402,0.9774898994319587,0.9868829135670325,0.9924907316870916,1,0,1,225757.3290679347,1,34847.3808951954,3.8527491611487816,1,0,0,0,1
403,0.9754991500902589,1.0025217615655433,0.933326123053781,1,0,1,242908.20280791033,1,33808.29566361568,3.747433756956621,1,0,0,0,1
404,1.0507081112313592,1.0009540026588655,1.0310420656666468,1,0,1,167503.67506442353,1,41420.60962941038,4.704627689857615,1,0,1,1,1
405,1.0013102916671766,0.9934862330339252,1.0019461189513656,1,0,1,208649.39651837974,1,35711.78297086864,4.071725450781861,1,0,1,1,1
406,0.9850055017420206,0.9995743914238718,1.030433397312747,1,0,1,230731.71853748558,1,36613.20326113782,3.8534254436279363,1,0,1,0,1
407,0.9883713413502417,1.0031970629153275,1.050330469393386,1,0,1,230931.7217270973,1,37391.554856836134,3.8654866449448813,1,0,1,0,1
408,0.9909055486531644,0.9915712515724586,0.9001920352403447,1,0,1,217055.85678867478,1,31433.112769566273,3.95870276722363,1,0,0,0,1
409,1.0300934695269595,1.0027129344386982,0.9091708788322098,1,0,1,189536.84644938982,1,34567.25013559976,4.375279090228233,1,0,0,1,1
410,1.013213211560347,1.0004099235531818,1.1050663783298973,1,0,1,203807.40597269643,1,40089.357380906695,4.1648475081999905,1,0,1,1,1
411,1.003475584860607,0.9910541259868808,1.0640036440084322,1,0,1,204067.41245891852,1,38324.23035120637,4.122369729673015,1,0,1,1,1
412,1.0148964150870188,0.9965356405650196,1.1133227499686404,1,0,1,198273.1308658637,1,40917.99176195805,4.224568714835886,1,0,1,1,1
413,0.9686201872180966,0.9996603926174501,1.1861776554111756,1,0,1,246937.19228357723,1,43043.07338111017,3.6961208269768924,1,0,1,0,1
414,0.998400986692767,0.9882105539565601,0.8069464617708025,1,0,1,206252.54374546127,1,28967.512380654673,4.081437964131329,1,0,0,1,1
415,1.0091397321125959,1.004112805306701,1.0069002900070463,1,0,1,211471.32034393452,1,35872.349815923255,4.07832420147983,1,0,1,1,1
416,0.9828710334033637,1.0027494580798397,1.037545894540282,1,0,1,235894.47724200966,1,37170.1454039439,3.815215841925596,1,0,1,0,1
417,0.9943025911263164,1.0147278232602237,0.947377715469365,1,0,1,236194.36423717282,1,34190.67953682003,3.8589707838526213,1,0,0,0,1
418,1.0302845200622708,0.9839984821245042,0.9663789148756279,1,0,1,170128.04300382588,1,38106.20821218844,4.583593893336748,1,0,1,1,1
419,1.0009975968855582,1.0009469591754605,0.9488962701991135,1,1,1,216345.76682208676,1,33300.75247034583,4.003517475409044,0,0,0,1,1
420,1.003490521575519,0.9984747244600308,0.8923572857315947,1,0,1,211454.3638464975,1,31730.45053804647,4.0556724180048525,1,0,0,1,1
421,0.996903587783404,1.0099019610270377,0.864071440838127,1,0,1,229055.42750558938,1,30868.518145901082,3.911191077228731,1,0,0,0,1
422,1.0089268241713674,1.0193044584380722,0.9890908013075739,1,0,1,226409.73789739108,1,35335.77444507839,3.974053378755954,1,0,1,0,1
423,1.0323352120510498,1.0082339303366321,1.0373006159847973,1,0,1,192883.06851467554,1,39131.18815819116,4.350827470011932,1,0,1,1,1
424,0.9633357263282801,1.002323526683277,1.1759943410739044,1,0,1,254655.2282999163,1,43292.00385510714,3.6334322632681366,1,0,1,0,1
425,0.9839651942632271,1.0166899320615463,0.9753166062339963,1,0,1,248055.36079757637,1,35829.22035697071,3.7514125904483646,1,0,1,0,1
426,1.0089145834256514,0.9887299645589553,0.9463111695898982,1,0,1,196315.4870826815,1,34886.04414027097,4.218561404118873,1,0,0,1,1
427,0.9785930599016064,0.9967313790140065,1.1738383552308234,1,0,1,234294.93864957854,1,41767.384002511986,3.8066020953540485,1,0,1,0,1
428,1.0373437962845768,0.994644031052615,1.0383668711314733,1,0,1,174169.5905821526,1,40791.69170421708,4.569880424265211,1,0,1,1,1
429,1.040360445322965,0.994453823486931,1.0508489250094042,1,0,1,170989.7714666244,1,41609.48292737541,4.618704235745694,1,0,1,1,1
430,0.9735444616351433,1.0087224199904326,0.8388094326798495,1,0,1,250697.61251997115,1,30882.587602471554,3.6976827451727243,1,0,0,0,1
431,0.9955192989878424,1.0004640416915733,1.3365806843528363,1,0,1,221256.98852809897,1,46814.660742222506,3.9498643652816785,1,0,1,0,1
432,1.022990658119562,0.9925572714449834,1.1141330583394684,1,0,1,186236.6522816819,1,42232.32762137821,4.3787871885036935,1,0,1,1,1
433,1.0170747852567568,1.0157561497134857,1.1486754551355225,1,0,1,215118.67933688773,1,40712.37966894967,4.07800015551902,1,0,1,1,1
434,1.0218883709869104,1.0253063071389412,0.8928119449100801,1,0,1,219674.45175711153,1,31873.53853141809,4.067158819268285,1,0,0,1,1
435,1.0137504734785583,0.9997193692749752,1.1022923463783472,1,0,1,202590.5735391152,1,40113.37569555873,4.178539636721421,1,0,1,1,1
436,0.9910271421887108,0.9791600596173254,1.0484583509480772,1,0,1,204474.60877646,1,37384.07338672508,4.0674393134999915,1,0,1,1,1
437,0.9888691988290788,0.9889970514026558,0.83744005762679,1,0,1,216522.72440365702,1,29211.466519756224,3.953999714046538,1,0,0,0,1
438,0.9809453632926458,0.9860299515354868,1.117293415878605,1,0,1,221467.6380044897,1,38960.19536463171,3.891165849877941,1,0,1,0,1
439,1.003259263132261,1.0107459219676045,0.9420310669021091,1,0,1,223681.2781221831,1,33433.07305659349,3.968103958906845,1,0,0,0,1
440,1.0212412729247704,0.9939839076911602,1.0598042681928728,1,0,1,189422.86374121212,1,39908.739011548794,4.3388023934184785,1,0,1,1,1
441,1.0014667973968414,1.0186851043184468,0.9039966677660334,1,0,1,233020.9087850019,1,32576.11078133443,3.905792035736729,1,0,0,0,1
442,1.040867622967495,0.9947870685772776,0.925719321332561,1,0,1,170832.99079266418,1,36776.60004192533,4.6227243925472585,1,0,1,1,1
443,0.9836312449872103,0.9956680515344941,1.0105775583043268,1,0,1,228286.44340127305,1,35741.82705655494,3.8623305284574876,1,0,1,0,1
444,1.0098121287231017,0.998634025332272,0.8436939926144742,1,0,1,205385.82048228785,1,30588.126813392082,4.136165757060593,1,0,0,1,1
445,0.9983787545130504,0.9953512941951537,1.01780085844577,1,1,1,213403.80675778486,1,35796.52236188884,4.017883699397882,0,0,1,1,1
446,0.9778438245889679,0.9810867244162055,0.9898139376220904,1,0,1,219646.8302775891,1,34415.594063511715,3.890195927168871,1,0,0,0,1
447,1.0149642861083885,1.001583630196666,1.079081262579065,1,0,1,203255.01166700228,1,39267.34862084763,4.177265321610747,1,0,1,1,1
448,0.9791953932049116,0.9995105629940867,0.8610848429351298,1,0,1,236387.39816498378,1,30887.103720361614,3.7990768942311726,1,0,0,0,1
449,1.029176924359679,0.9844569273438933,1.042640985394506,1,0,1,171714.26351668045,1,40893.14729696106,4.560987498893105,1,0,1,1,1
450,1.012632264896867,0.9904288832106612,0.9279023289160291,1,0,1,194345.140311161,1,34459.41812328057,4.25336773058242,1,0,0,1,1
451,1.0244012832943323,1.016464744551805,0.7973101306934804,1,0,1,208715.63243363326,1,29044.02193174084,4.165153796730685,1,0,0,1,1
452,0.9931017825216185,1.0078909926319601,1.114996676185243,1,0,1,230828.3353940613,1,39748.333797784624,3.8844531496667147,1,0,1,0,1
453,0.9964723879487212,1.0055300637247837,0.9706497669654499,1,0,1,225255.6660178256,1,34399.17861024697,3.931483019266613,1,0,0,0,1
454,1.003456300992966,0.9983420814099715,1.0703381879083176,1,0,1,211356.8560778959,1,37926.7089047764,4.056325428450801,1,0,1,1,1
455,0.9947698826725069,0.992978243665,1.021953444980439,1,0,1,214620.77937501756,1,35739.82366888145,3.992748210930674,1,0,1,0,1
456,0.993212413190322,1.0072353680457484,1.1598518692566446,1,0,1,230089.5420828046,1,41275.364288558,3.888971408328776,1,0,1,0,1
457,0.9867099399531,0.9912104154229616,1.0316945228865626,1,0,1,220861.45886317675,1,36091.15114877306,3.9183449374150494,1,0,1,0,1
458,0.9875791175036411,1.0236862934973687,0.9764879305347667,1,0,1,251089.02825901902,1,36162.335298120786,3.748590715147103,1,0,1,0,1
459,0.9970455412957454,1.0025044030034629,0.9774626983868491,1,0,1,221751.45810527902,1,34455.54544834268,3.9546899166764606,1,0,0,0,1
460,0.9895139448758812,0.9922399047476276,1.1713127153936933,1,0,1,219097.78248595394,1,40848.84898239766,3.939538099710068,1,0,1,0,1
461,0.9874341698805643,1.0139270501701827,1.0971977733171514,1,0,1,242096.15582630824,1,39832.81258335682,3.7974182178416696,1,0,1,0,1
462,1.0224043987726965,0.9971538926066552,0.8828647511932846,1,0,1,191488.16059895384,1,33258.09855007181,4.322932807128682,1,0,0,1,1
463,0.9771124187832855,1.0040488563519512,1.0110729845063497,1,0,1,242783.53344347962,1,36610.14647852871,3.7538396394534708,1,0,1,0,1
464,0.9911667044485186,0.9946693797008261,0.8514625347749925,1,0,1,219859.30017612735,1,29882.47470561069,3.943034592238904,1,0,0,0,1
465,0.9912913874562794,0.9934384304943032,1.0334564314365662,1,0,1,218521.35670782876,1,36109.413425711144,3.950831450234671,1,0,1,0,1
466,0.9808237709770616,0.9957613692467503,1.02646779322997,1,0,1,231150.7609280423,1,36424.593575001774,3.8344659598215673,1,0,1,0,1
467,0.9898655961954091,0.9943524516992255,0.858841435790305,1,0,1,220833.86394132086,1,30163.209894948697,3.9319611061830253,1,0,0,0,1
468,0.9803108857613069,0.9894014201303992,0.9971294730086127,1,0,1,225432.7938309664,1,35041.003920420866,3.865874835575585,1,0,1,0,1
469,1.0058137849471402,0.9964133104832856,0.9671144500037097,1,0,1,207116.00560147944,1,34732.93755446694,4.103847931722885,1,0,0,1,1
470,0.9982948678579616,0.9962719132382845,1.196232408798199,1,1,1,214398.30764848564,1,41819.92160955753,4.008782807854284,0,0,1,1,1
471,0.9974770106470349,1.0047865372817153,1.1766082220446341,1,0,1,223550.90679154271,1,41495.646540950256,3.9447120198098293,1,0,1,0,1
472,1.0074977224289896,1.0096316640833247,0.9126115693934214,1,0,1,218474.50542451662,1,32212.946840202323,4.016780757675211,1,0,0,1,1
473,1.0194297175490954,0.9894108082019656,1.0598718965022254,1,0,1,186552.88034687983,1,40087.6819162829,4.360304925147238,1,0,1,1,1
474,0.9946436512024476,1.0083999210471923,0.984631727202617,1,0,1,229813.54694561753,1,35126.327286219894,3.897216041026589,1,0,1,0,1
475,0.9938586324220925,1.0025836234982575,1.1038960142354035,1,0,1,224955.38336155278,1,38985.14463577753,3.9221845300471587,1,0,1,0,1
476,1.006273222673868,1.0193757758229711,0.851171533431635,1,0,1,229038.31382494676,1,30557.281969041316,3.948443853981479,1,0,0,0,1
477,0.9982279268044474,1.0018954736727363,1.073415517045959,1,0,1,219996.133136347,1,37709.94925472898,3.969604479886126,1,0,1,0,1
478,0.9875267102876282,0.9857551989555905,0.9488404089351061,1,0,1,214627.93827248027,1,33047.13667490196,3.9636254684116996,1,0,0,0,1
479,1.0183760705710039,1.010600292355841,0.8265027156592603,1,0,1,208827.43360892183,1,29943.34284674836,4.139612938860468,1,0,0,1,1
480,1.0183505041918337,1.0167799267413977,1.0762740498194363,1,0,1,214876.19816440693,1,38263.39620997994,4.085299603802102,1,0,1,1,1
481,1.0266049190149678,1.009704723034667,1.103040506151117,1,0,1,199932.12936040887,1,40766.97520557027,4.257189011764789,1,0,1,1,1
482,0.9698633116809688,0.9936906136364264,1.0861373648553192,1,0,1,239981.0816723046,1,38936.58668143662,3.7405345786843966,1,0,1,0,1
483,0.9787453758320626,1.0031999784331023,1.0642355030944026,1,0,1,240372.42071688117,1,38356.85859705068,3.7733991430722544,1,0,1,0,1
484,1.0116283286268508,0.9767250860076822,1.0245788799554618,1,0,1,181246.45023982512,1,38959.463591715576,4.3815431827155615,1,0,1,1,1
485,1.0005524958690726,1.0095854510352307,1.1947785623536766,1,0,1,225195.95702420862,1,42309.4650548498,3.9470407231929916,1,0,1,0,1
486,1.0081802093032983,0.9918325038162474,1.173195808797069,1,0,1,200183.45857908152,1,42671.04475276027,4.178320476256606,1,0,1,1,1
487,0.9519512632668833,0.9917862512975693,0.8447094100716415,1,0,1,255901.92534960783,1,31146.90419881323,3.5864666091988826,1,0,0,0,1
488,0.970840096548875,0.993247331649003,0.9319086245208466,1,0,1,238585.29556611332,1,33396.129398543126,3.7533666689237273,1,0,0,0,1
489,0.9868657368777735,0.981994650190061,1.1752351788760704,1,0,1,211516.55055719503,1,41012.85049105266,3.9877072684540393,1,0,1,0,1
490,0.995017280801242,0.9942663535246485,1.1303891784582547,1,0,1,215652.6450270929,1,39357.71342579606,3.984786634345354,1,0,1,0,1
491,0.980257446909542,1.0048903131385636,0.9330999439598797,1,0,1,240506.60944179795,1,33721.47463960421,3.7794611822901376,1,0,0,0,1
492,1.0088282943360296,1.0214923978015382,0.884259424735276,1,0,1,228589.82812083932,1,31746.37287198309,3.9610811186969452,1,0,0,0,1
493,0.9862238007535119,1.0066943934269215,0.8435207107674362,1,0,1,236396.56479384174,1,30371.024026528135,3.826718783094627,1,0,0,0,1
494,0.9669479162945889,0.9911997522865249,0.9260815006407043,1,0,1,240461.52832645585,1,33244.676944161285,3.7276765396664655,1,0,0,0,1
495,0.9917232909650375,1.0086475515230373,0.9005772916748132,1,0,1,232899.5298360412,1,32284.920003501888,3.8681216751067735,1,0,0,0,1
496,0.988343636795398,0.9850422729171903,0.8952438905016395,1,0,1,213098.92711507028,1,31344.453651526866,3.9801091029429103,1,0,0,0,1
497,1.006680564278974,1.0075977193813448,0.8891787097581092,1,0,1,217290.8414961486,1,31385.241799202864,4.020811086524822,1,0,0,1,1
498,0.9871995792968682,1.0054666789686568,1.0745212028656452,1,0,1,234265.41384893132,1,38445.56260781068,3.8413850528345383,1,0,1,0,1
499,0.9750816514498373,1.013102961453978,0.9556839441693471,1,0,1,253309.7689511862,1,35363.57877716021,3.6883606083391514,1,0,1,0,1
500,0.9979682280332667,0.9954478499090382,0.9841889509892741,1,1,1,213905.21586395527,1,34587.66027786155,4.011845193758108,0,0,0,1,1
