n,p_orbit_fail,p_fuel_fail,p_q_violate,p_g_violate,p_any_failure
1,1.0,0.0,0.0,0.0,1.0
2,1.0,0.0,0.5,0.0,1.0
3,1.0,0.0,0.6666666666666666,0.3333333333333333,1.0
4,1.0,0.0,0.5,0.5,1.0
5,1.0,0.0,0.4,0.4,1.0
6,1.0,0.0,0.3333333333333333,0.5,1.0
7,1.0,0.0,0.2857142857142857,0.42857142857142855,1.0
8,1.0,0.0,0.375,0.5,1.0
9,1.0,0.0,0.4444444444444444,0.5555555555555556,1.0
10,1.0,0.0,0.5,0.6,1.0
11,1.0,0.0,0.45454545454545453,0.5454545454545454,1.0
12,1.0,0.0,0.5,0.5,1.0
13,1.0,0.0,0.5384615384615384,0.46153846153846156,1.0
14,1.0,0.0,0.5714285714285714,0.42857142857142855,1.0
15,1.0,0.0,0.6,0.4666666666666667,1.0
16,1.0,0.0,0.625,0.4375,1.0
17,1.0,0.0,0.5882352941176471,0.4117647058823529,1.0
18,1.0,0.0,0.6111111111111112,0.4444444444444444,1.0
19,1.0,0.0,0.631578947368421,0.47368421052631576,1.0
20,1.0,0.0,0.65,0.5,1.0
21,1.0,0.0,0.6666666666666666,0.47619047619047616,1.0
22,1.0,0.0,0.6818181818181818,0.45454545454545453,1.0
23,1.0,0.0,0.6956521739130435,0.4782608695652174,1.0
24,1.0,0.0,0.6666666666666666,0.5,1.0
25,1.0,0.0,0.68,0.52,1.0
26,1.0,0.0,0.6538461538461539,0.5384615384615384,1.0
27,1.0,0.0,0.6666666666666666,0.5555555555555556,1.0
28,1.0,0.0,0.6785714285714286,0.5357142857142857,1.0
29,1.0,0.0,0.6896551724137931,0.5172413793103449,1.0
30,0.9666666666666667,0.0,0.6666666666666666,0.5,0.9666666666666667
31,0.967741935483871,0.0,0.6774193548387096,0.4838709677419355,0.967741935483871
32,0.96875,0.0,0.6875,0.46875,0.96875
33,0.9696969696969697,0.0,0.696969696969697,0.45454545454545453,0.9696969696969697
34,0.9705882352941176,0.0,0.7058823529411765,0.47058823529411764,0.9705882352941176
35,0.9714285714285714,0.0,0.6857142857142857,0.4857142857142857,0.9714285714285714
36,0.9722222222222222,0.0,0.6666666666666666,0.4722222222222222,0.9722222222222222
37,0.972972972972973,0.0,0.6486486486486487,0.4864864864864865,0.972972972972973
38,0.9736842105263158,0.0,0.631578947368421,0.5,0.9736842105263158
39,0.9743589743589743,0.0,0.6410256410256411,0.5128205128205128,0.9743589743589743
40,0.975,0.0,0.625,0.5,0.975
41,0.975609756097561,0.0,0.6097560975609756,0.4878048780487805,0.975609756097561
42,0.9761904761904762,0.0,0.5952380952380952,0.47619047619047616,0.9761904761904762
43,0.9767441860465116,0.0,0.6046511627906976,0.46511627906976744,0.9767441860465116
44,0.9772727272727273,0.0,0.5909090909090909,0.45454545454545453,0.9772727272727273
45,0.9777777777777777,0.0,0.6,0.4444444444444444,0.9777777777777777
46,0.9782608695652174,0.0,0.5869565217391305,0.43478260869565216,0.9782608695652174
47,0.9787234042553191,0.0,0.5957446808510638,0.44680851063829785,0.9787234042553191
48,0.9791666666666666,0.0,0.5833333333333334,0.4583333333333333,0.9791666666666666
49,0.9795918367346939,0.0,0.5918367346938775,0.4489795918367347,0.9795918367346939
50,0.98,0.0,0.58,0.46,0.98
51,0.9803921568627451,0.0,0.5686274509803921,0.47058823529411764,0.9803921568627451
52,0.9807692307692307,0.0,0.5769230769230769,0.46153846153846156,0.9807692307692307
53,0.9811320754716981,0.0,0.5849056603773585,0.4528301886792453,0.9811320754716981
54,0.9814814814814815,0.0,0.5925925925925926,0.46296296296296297,0.9814814814814815
55,0.9818181818181818,0.0,0.6,0.4727272727272727,0.9818181818181818
56,0.9821428571428571,0.0,0.6071428571428571,0.4642857142857143,0.9821428571428571
57,0.9824561403508771,0.0,0.5964912280701754,0.45614035087719296,0.9824561403508771
58,0.9827586206896551,0.0,0.5862068965517241,0.46551724137931033,0.9827586206896551
59,0.9830508474576272,0.0,0.5932203389830508,0.4576271186440678,0.9830508474576272
60,0.9833333333333333,0.0,0.5833333333333334,0.4666666666666667,0.9833333333333333
61,0.9836065573770492,0.0,0.5901639344262295,0.47540983606557374,0.9836065573770492
62,0.9838709677419355,0.0,0.5967741935483871,0.4838709677419355,0.9838709677419355
63,0.9682539682539683,0.0,0.5873015873015873,0.47619047619047616,0.9682539682539683
64,0.96875,0.0,0.578125,0.46875,0.96875
65,0.9692307692307692,0.0,0.5692307692307692,0.47692307692307695,0.9692307692307692
66,0.9696969696969697,0.0,0.5757575757575758,0.48484848484848486,0.9696969696969697
67,0.9701492537313433,0.0,0.582089552238806,0.4925373134328358,0.9701492537313433
68,0.9705882352941176,0.0,0.5735294117647058,0.5,0.9705882352941176
69,0.9710144927536232,0.0,0.5797101449275363,0.5072463768115942,0.9710144927536232
70,0.9714285714285714,0.0,0.5714285714285714,0.5,0.9714285714285714
71,0.971830985915493,0.0,0.5633802816901409,0.49295774647887325,0.971830985915493
72,0.9722222222222222,0.0,0.5555555555555556,0.4861111111111111,0.9722222222222222
73,0.9726027397260274,0.0,0.5616438356164384,0.4794520547945205,0.9726027397260274
74,0.972972972972973,0.0,0.5675675675675675,0.4864864864864865,0.972972972972973
75,0.9733333333333334,0.0,0.5733333333333334,0.48,0.9733333333333334
76,0.9736842105263158,0.0,0.5789473684210527,0.4868421052631579,0.9736842105263158
77,0.974025974025974,0.0,0.5714285714285714,0.4805194805194805,0.974025974025974
78,0.9615384615384616,0.0,0.5641025641025641,0.48717948717948717,0.9743589743589743
79,0.9620253164556962,0.0,0.569620253164557,0.4936708860759494,0.9746835443037974
80,0.9625,0.0,0.575,0.4875,0.975
81,0.9629629629629629,0.0,0.5679012345679012,0.49382716049382713,0.9753086419753086
82,0.9634146341463414,0.0,0.5609756097560976,0.4878048780487805,0.975609756097561
83,0.963855421686747,0.0,0.5662650602409639,0.4939759036144578,0.9759036144578314
84,0.9642857142857143,0.0,0.5714285714285714,0.5,0.9761904761904762
85,0.9647058823529412,0.0,0.5647058823529412,0.5058823529411764,0.9764705882352941
86,0.9651162790697675,0.0,0.5697674418604651,0.5,0.9767441860465116
87,0.9655172413793104,0.0,0.5747126436781609,0.4942528735632184,0.9770114942528736
88,0.9659090909090909,0.0,0.5681818181818182,0.5,0.9772727272727273
89,0.9662921348314607,0.0,0.5617977528089888,0.4943820224719101,0.9775280898876404
90,0.9666666666666667,0.0,0.5555555555555556,0.5,0.9777777777777777
91,0.967032967032967,0.0,0.5604395604395604,0.5054945054945055,0.978021978021978
92,0.967391304347826,0.0,0.5652173913043478,0.5108695652173914,0.9782608695652174
93,0.967741935483871,0.0,0.5698924731182796,0.5161290322580645,0.978494623655914
94,0.9680851063829787,0.0,0.5638297872340425,0.5106382978723404,0.9787234042553191
95,0.9578947368421052,0.0,0.5578947368421052,0.5157894736842106,0.9789473684210527
96,0.9583333333333334,0.0,0.5520833333333334,0.5104166666666666,0.9791666666666666
97,0.9587628865979382,0.0,0.5567010309278351,0.5154639175257731,0.979381443298969
98,0.9591836734693877,0.0,0.5510204081632653,0.5204081632653061,0.9795918367346939
99,0.9595959595959596,0.0,0.5454545454545454,0.5252525252525253,0.9797979797979798
100,0.96,0.0,0.54,0.52,0.98
101,0.9504950495049505,0.0,0.5346534653465347,0.5148514851485149,0.9702970297029703
102,0.9509803921568627,0.0,0.5392156862745098,0.5098039215686274,0.9705882352941176
103,0.941747572815534,0.0,0.5339805825242718,0.5145631067961165,0.970873786407767
104,0.9423076923076923,0.0,0.5384615384615384,0.5096153846153846,0.9711538461538461
105,0.9428571428571428,0.0,0.5333333333333333,0.5047619047619047,0.9714285714285714
106,0.9433962264150944,0.0,0.5377358490566038,0.5,0.9716981132075472
107,0.9439252336448598,0.0,0.5327102803738317,0.4953271028037383,0.9719626168224299
108,0.9351851851851852,0.0,0.5277777777777778,0.5,0.9722222222222222
109,0.9357798165137615,0.0,0.5321100917431193,0.5045871559633027,0.9724770642201835
110,0.9363636363636364,0.0,0.5363636363636364,0.509090909090909,0.9727272727272728
111,0.9369369369369369,0.0,0.5405405405405406,0.5045045045045045,0.972972972972973
112,0.9375,0.0,0.5446428571428571,0.5089285714285714,0.9732142857142857
113,0.9380530973451328,0.0,0.5398230088495575,0.504424778761062,0.9734513274336283
114,0.9385964912280702,0.0,0.543859649122807,0.5,0.9736842105263158
115,0.9391304347826087,0.0,0.5478260869565217,0.4956521739130435,0.9739130434782609
116,0.9310344827586207,0.0,0.5431034482758621,0.5,0.9741379310344828
117,0.9316239316239316,0.0,0.5384615384615384,0.5042735042735043,0.9743589743589743
118,0.9322033898305084,0.0,0.5423728813559322,0.5084745762711864,0.9745762711864406
119,0.9327731092436975,0.0,0.5378151260504201,0.5042016806722689,0.9747899159663865
120,0.925,0.0,0.5416666666666666,0.5083333333333333,0.975
121,0.9256198347107438,0.0,0.5454545454545454,0.512396694214876,0.9752066115702479
122,0.9262295081967213,0.0,0.5491803278688525,0.5081967213114754,0.9754098360655737
123,0.926829268292683,0.0,0.5528455284552846,0.5040650406504065,0.975609756097561
124,0.9274193548387096,0.0,0.5564516129032258,0.5080645161290323,0.9758064516129032
125,0.928,0.0,0.552,0.504,0.976
126,0.9285714285714286,0.0,0.5476190476190477,0.5,0.9761904761904762
127,0.9291338582677166,0.0,0.5433070866141733,0.49606299212598426,0.9763779527559056
128,0.9296875,0.0,0.5390625,0.5,0.9765625
129,0.9302325581395349,0.0,0.5426356589147286,0.5038759689922481,0.9767441860465116
130,0.9307692307692308,0.0,0.5384615384615384,0.5,0.9769230769230769
131,0.9312977099236641,0.0,0.5419847328244275,0.5038167938931297,0.9770992366412213
132,0.9318181818181818,0.0,0.5454545454545454,0.5075757575757576,0.9772727272727273
133,0.9323308270676691,0.0,0.5488721804511278,0.5112781954887218,0.9774436090225563
134,0.9328358208955224,0.0,0.5447761194029851,0.5074626865671642,0.9776119402985075
135,0.9333333333333333,0.0,0.5407407407407407,0.5111111111111111,0.9777777777777777
136,0.9338235294117647,0.0,0.5441176470588235,0.5147058823529411,0.9779411764705882
137,0.9343065693430657,0.0,0.5474452554744526,0.5182481751824818,0.9781021897810219
138,0.9347826086956522,0.0,0.5434782608695652,0.5144927536231884,0.9782608695652174
139,0.935251798561151,0.0,0.539568345323741,0.5107913669064749,0.9784172661870504
140,0.9357142857142857,0.0,0.5428571428571428,0.5071428571428571,0.9785714285714285
141,0.9361702127659575,0.0,0.5460992907801419,0.5106382978723404,0.9787234042553191
142,0.9366197183098591,0.0,0.5422535211267606,0.5070422535211268,0.9788732394366197
143,0.9370629370629371,0.0,0.5384615384615384,0.5034965034965035,0.9790209790209791
144,0.9375,0.0,0.5416666666666666,0.5069444444444444,0.9791666666666666
145,0.9379310344827586,0.0,0.5448275862068965,0.5103448275862069,0.9793103448275862
146,0.9383561643835616,0.0,0.547945205479452,0.5068493150684932,0.9794520547945206
147,0.9387755102040817,0.0,0.54421768707483,0.5034013605442177,0.9795918367346939
148,0.9391891891891891,0.0,0.5405405405405406,0.5,0.9797297297297297
149,0.9395973154362416,0.0,0.5436241610738255,0.5033557046979866,0.9798657718120806
150,0.94,0.0,0.54,0.5066666666666667,0.98
151,0.9403973509933775,0.0,0.543046357615894,0.5033112582781457,0.9801324503311258
152,0.9407894736842105,0.0,0.5460526315789473,0.506578947368421,0.9802631578947368
153,0.9411764705882353,0.0,0.5490196078431373,0.5032679738562091,0.9803921568627451
154,0.9415584415584416,0.0,0.551948051948052,0.5064935064935064,0.9805194805194806
155,0.9419354838709677,0.0,0.5548387096774193,0.5096774193548387,0.9806451612903225
156,0.9358974358974359,0.0,0.5576923076923077,0.5128205128205128,0.9807692307692307
157,0.9363057324840764,0.0,0.5605095541401274,0.5095541401273885,0.9808917197452229
158,0.930379746835443,0.0,0.5569620253164557,0.5063291139240507,0.9746835443037974
159,0.9245283018867925,0.0,0.559748427672956,0.5031446540880503,0.9748427672955975
160,0.925,0.0,0.55625,0.5,0.975
161,0.9254658385093167,0.0,0.5527950310559007,0.4968944099378882,0.9751552795031055
162,0.9259259259259259,0.0,0.5493827160493827,0.5,0.9753086419753086
163,0.9263803680981595,0.0,0.5521472392638037,0.49693251533742333,0.9754601226993865
164,0.926829268292683,0.0,0.5487804878048781,0.49390243902439024,0.975609756097561
165,0.9272727272727272,0.0,0.5515151515151515,0.4909090909090909,0.9757575757575757
166,0.927710843373494,0.0,0.5481927710843374,0.4879518072289157,0.9759036144578314
167,0.9281437125748503,0.0,0.5508982035928144,0.49101796407185627,0.9760479041916168
168,0.9226190476190477,0.0,0.5535714285714286,0.49404761904761907,0.9761904761904762
169,0.9171597633136095,0.0,0.5502958579881657,0.4911242603550296,0.9704142011834319
170,0.9176470588235294,0.0,0.5529411764705883,0.48823529411764705,0.9705882352941176
171,0.9181286549707602,0.0,0.5555555555555556,0.4853801169590643,0.9707602339181286
172,0.9186046511627907,0.0,0.5523255813953488,0.4883720930232558,0.9709302325581395
173,0.9190751445086706,0.0,0.5491329479768786,0.48554913294797686,0.9710982658959537
174,0.9195402298850575,0.0,0.5517241379310345,0.4885057471264368,0.9712643678160919
175,0.92,0.0,0.5485714285714286,0.49142857142857144,0.9714285714285714
176,0.9204545454545454,0.0,0.5511363636363636,0.48863636363636365,0.9715909090909091
177,0.9209039548022598,0.0,0.5536723163841808,0.4915254237288136,0.9717514124293786
178,0.9213483146067416,0.0,0.550561797752809,0.4887640449438202,0.9719101123595506
179,0.9217877094972067,0.0,0.553072625698324,0.49162011173184356,0.9720670391061452
180,0.9222222222222223,0.0,0.5555555555555556,0.4888888888888889,0.9722222222222222
181,0.9226519337016574,0.0,0.5580110497237569,0.4861878453038674,0.9723756906077348
182,0.9230769230769231,0.0,0.5604395604395604,0.489010989010989,0.9725274725274725
183,0.9234972677595629,0.0,0.5628415300546448,0.4918032786885246,0.9726775956284153
184,0.9239130434782609,0.0,0.5597826086956522,0.4945652173913043,0.9728260869565217
185,0.9243243243243243,0.0,0.5567567567567567,0.4918918918918919,0.972972972972973
186,0.9247311827956989,0.0,0.5591397849462365,0.4946236559139785,0.9731182795698925
187,0.9251336898395722,0.0,0.5614973262032086,0.4919786096256685,0.9732620320855615
188,0.925531914893617,0.0,0.5638297872340425,0.48936170212765956,0.973404255319149
189,0.9259259259259259,0.0,0.5661375661375662,0.48677248677248675,0.9735449735449735
190,0.9263157894736842,0.0,0.5631578947368421,0.4842105263157895,0.9736842105263158
191,0.9267015706806283,0.0,0.5654450261780105,0.4816753926701571,0.9738219895287958
192,0.921875,0.0,0.5625,0.4791666666666667,0.96875
193,0.9222797927461139,0.0,0.5647668393782384,0.48186528497409326,0.9689119170984456
194,0.9226804123711341,0.0,0.5670103092783505,0.4845360824742268,0.9690721649484536
195,0.9230769230769231,0.0,0.5692307692307692,0.48717948717948717,0.9692307692307692
196,0.923469387755102,0.0,0.5663265306122449,0.4846938775510204,0.9693877551020408
197,0.9238578680203046,0.0,0.5634517766497462,0.4873096446700508,0.9695431472081218
198,0.9242424242424242,0.0,0.5606060606060606,0.48484848484848486,0.9696969696969697
199,0.9246231155778895,0.0,0.5628140703517588,0.4824120603015075,0.9698492462311558
200,0.925,0.0,0.565,0.485,0.97
201,0.9253731343283582,0.0,0.5671641791044776,0.48756218905472637,0.9701492537313433
202,0.9257425742574258,0.0,0.5643564356435643,0.48514851485148514,0.9702970297029703
203,0.9261083743842364,0.0,0.5665024630541872,0.4827586206896552,0.9704433497536946
204,0.9264705882352942,0.0,0.5686274509803921,0.4852941176470588,0.9705882352941176
205,0.926829268292683,0.0,0.5707317073170731,0.48292682926829267,0.9707317073170731
206,0.9271844660194175,0.0,0.5679611650485437,0.48058252427184467,0.970873786407767
207,0.927536231884058,0.0,0.5700483091787439,0.4782608695652174,0.9710144927536232
208,0.9278846153846154,0.0,0.5673076923076923,0.47596153846153844,0.9711538461538461
209,0.9282296650717703,0.0,0.5645933014354066,0.47368421052631576,0.9712918660287081
210,0.9285714285714286,0.0,0.5666666666666667,0.47619047619047616,0.9714285714285714
211,0.9289099526066351,0.0,0.5687203791469194,0.47393364928909953,0.9715639810426541
212,0.9292452830188679,0.0,0.5707547169811321,0.47641509433962265,0.9716981132075472
213,0.9295774647887324,0.0,0.5727699530516432,0.47417840375586856,0.971830985915493
214,0.9299065420560748,0.0,0.5747663551401869,0.4719626168224299,0.9719626168224299
215,0.9302325581395349,0.0,0.5720930232558139,0.4697674418604651,0.9720930232558139
216,0.9305555555555556,0.0,0.5740740740740741,0.4722222222222222,0.9722222222222222
217,0.9308755760368663,0.0,0.576036866359447,0.4700460829493088,0.9723502304147466
218,0.9311926605504587,0.0,0.5779816513761468,0.4724770642201835,0.9724770642201835
219,0.9315068493150684,0.0,0.5799086757990868,0.4703196347031963,0.9726027397260274
220,0.9318181818181818,0.0,0.5772727272727273,0.4727272727272727,0.9727272727272728
221,0.9276018099547512,0.0,0.579185520361991,0.4751131221719457,0.9728506787330317
222,0.9279279279279279,0.0,0.581081081081081,0.4774774774774775,0.972972972972973
223,0.9282511210762332,0.0,0.57847533632287,0.4798206278026906,0.9730941704035875
224,0.9241071428571429,0.0,0.5803571428571429,0.47767857142857145,0.9732142857142857
225,0.9244444444444444,0.0,0.5777777777777777,0.48,0.9733333333333334
226,0.9247787610619469,0.0,0.5752212389380531,0.4823008849557522,0.9734513274336283
227,0.9251101321585903,0.0,0.5770925110132159,0.4845814977973568,0.973568281938326
228,0.9254385964912281,0.0,0.5745614035087719,0.4868421052631579,0.9736842105263158
229,0.925764192139738,0.0,0.5764192139737991,0.4890829694323144,0.9737991266375546
230,0.9260869565217391,0.0,0.5782608695652174,0.49130434782608695,0.9739130434782609
231,0.9264069264069265,0.0,0.5757575757575758,0.4935064935064935,0.974025974025974
232,0.9267241379310345,0.0,0.5775862068965517,0.4956896551724138,0.9741379310344828
233,0.927038626609442,0.0,0.5793991416309013,0.4978540772532189,0.9742489270386266
234,0.9273504273504274,0.0,0.5811965811965812,0.5,0.9743589743589743
235,0.9276595744680851,0.0,0.5829787234042553,0.4978723404255319,0.9744680851063829
236,0.9279661016949152,0.0,0.5847457627118644,0.4957627118644068,0.9745762711864406
237,0.9282700421940928,0.0,0.5864978902953587,0.4978902953586498,0.9746835443037974
238,0.9285714285714286,0.0,0.5840336134453782,0.5,0.9747899159663865
239,0.9288702928870293,0.0,0.5857740585774058,0.502092050209205,0.9748953974895398
240,0.9291666666666667,0.0,0.5833333333333334,0.5041666666666667,0.975
241,0.9294605809128631,0.0,0.5809128630705395,0.5020746887966805,0.975103734439834
242,0.9297520661157025,0.0,0.5826446280991735,0.5041322314049587,0.9752066115702479
243,0.9300411522633745,0.0,0.5843621399176955,0.5061728395061729,0.9753086419753086
244,0.930327868852459,0.0,0.5860655737704918,0.5081967213114754,0.9754098360655737
245,0.9306122448979591,0.0,0.5877551020408164,0.5102040816326531,0.9755102040816327
246,0.9308943089430894,0.0,0.5894308943089431,0.5121951219512195,0.975609756097561
247,0.9311740890688259,0.0,0.5910931174089069,0.5141700404858299,0.9757085020242915
248,0.9314516129032258,0.0,0.5887096774193549,0.5161290322580645,0.9758064516129032
249,0.9317269076305221,0.0,0.5903614457831325,0.5180722891566265,0.9759036144578314
250,0.932,0.0,0.588,0.516,0.976
251,0.9322709163346613,0.0,0.5896414342629482,0.5179282868525896,0.9760956175298805
252,0.9325396825396826,0.0,0.5912698412698413,0.5198412698412699,0.9761904761904762
253,0.932806324110672,0.0,0.5928853754940712,0.5177865612648221,0.9762845849802372
254,0.9330708661417323,0.0,0.5905511811023622,0.515748031496063,0.9763779527559056
255,0.9333333333333333,0.0,0.5882352941176471,0.5137254901960784,0.9764705882352941
256,0.93359375,0.0,0.58984375,0.51171875,0.9765625
257,0.933852140077821,0.0,0.5914396887159533,0.5136186770428015,0.9766536964980544
258,0.9341085271317829,0.0,0.5930232558139535,0.5155038759689923,0.9767441860465116
259,0.9343629343629344,0.0,0.5907335907335908,0.5135135135135135,0.9768339768339769
260,0.9346153846153846,0.0,0.5923076923076923,0.5115384615384615,0.9769230769230769
261,0.9348659003831418,0.0,0.5900383141762452,0.5095785440613027,0.9770114942528736
262,0.9351145038167938,0.0,0.5877862595419847,0.5076335877862596,0.9770992366412213
263,0.935361216730038,0.0,0.5855513307984791,0.5057034220532319,0.9771863117870723
264,0.9356060606060606,0.0,0.5833333333333334,0.5037878787878788,0.9772727272727273
265,0.9358490566037736,0.0,0.5811320754716981,0.5056603773584906,0.9773584905660377
266,0.9360902255639098,0.0,0.5827067669172933,0.5037593984962406,0.9774436090225563
267,0.9363295880149812,0.0,0.5805243445692884,0.5056179775280899,0.9775280898876404
268,0.9365671641791045,0.0,0.582089552238806,0.503731343283582,0.9776119402985075
269,0.9368029739776952,0.0,0.5799256505576208,0.5055762081784386,0.9776951672862454
270,0.9333333333333333,0.0,0.5777777777777777,0.5037037037037037,0.9740740740740741
271,0.933579335793358,0.0,0.5756457564575646,0.5018450184501845,0.974169741697417
272,0.9338235294117647,0.0,0.5735294117647058,0.5,0.9742647058823529
273,0.9340659340659341,0.0,0.575091575091575,0.4981684981684982,0.9743589743589743
274,0.9343065693430657,0.0,0.572992700729927,0.49635036496350365,0.9744525547445255
275,0.9345454545454546,0.0,0.5709090909090909,0.49818181818181817,0.9745454545454545
276,0.9347826086956522,0.0,0.5688405797101449,0.4963768115942029,0.9746376811594203
277,0.9350180505415162,0.0,0.5703971119133574,0.49458483754512633,0.9747292418772563
278,0.935251798561151,0.0,0.5719424460431655,0.49640287769784175,0.9748201438848921
279,0.9354838709677419,0.0,0.5698924731182796,0.4982078853046595,0.974910394265233
280,0.9357142857142857,0.0,0.5714285714285714,0.5,0.975
281,0.9359430604982206,0.0,0.5693950177935944,0.501779359430605,0.9750889679715302
282,0.9361702127659575,0.0,0.5673758865248227,0.5035460992907801,0.975177304964539
283,0.9363957597173145,0.0,0.568904593639576,0.5017667844522968,0.9752650176678446
284,0.9366197183098591,0.0,0.5669014084507042,0.5035211267605634,0.9753521126760564
285,0.9368421052631579,0.0,0.5684210526315789,0.5052631578947369,0.9754385964912281
286,0.9370629370629371,0.0,0.5699300699300699,0.506993006993007,0.9755244755244755
287,0.9372822299651568,0.0,0.5714285714285714,0.5087108013937283,0.975609756097561
288,0.9375,0.0,0.5694444444444444,0.5069444444444444,0.9756944444444444
289,0.9377162629757786,0.0,0.5674740484429066,0.5086505190311419,0.9757785467128027
290,0.9379310344827586,0.0,0.5655172413793104,0.506896551724138,0.9758620689655172
291,0.9381443298969072,0.0,0.563573883161512,0.5085910652920962,0.9759450171821306
292,0.9383561643835616,0.0,0.565068493150685,0.5102739726027398,0.976027397260274
293,0.9385665529010239,0.0,0.5665529010238908,0.5119453924914675,0.9761092150170648
294,0.9387755102040817,0.0,0.5680272108843537,0.5102040816326531,0.9761904761904762
295,0.9389830508474576,0.0,0.5694915254237288,0.511864406779661,0.976271186440678
296,0.9391891891891891,0.0,0.5709459459459459,0.5135135135135135,0.9763513513513513
297,0.9393939393939394,0.0,0.5723905723905723,0.5117845117845118,0.9764309764309764
298,0.9395973154362416,0.0,0.5704697986577181,0.5134228187919463,0.9765100671140939
299,0.939799331103679,0.0,0.568561872909699,0.5117056856187291,0.9765886287625418
300,0.94,0.0,0.57,0.51,0.9766666666666667
301,0.9401993355481728,0.0,0.5714285714285714,0.5116279069767442,0.9767441860465116
302,0.9403973509933775,0.0,0.5728476821192053,0.5132450331125827,0.9768211920529801
303,0.9405940594059405,0.0,0.5742574257425742,0.5115511551155115,0.976897689768977
304,0.9407894736842105,0.0,0.5756578947368421,0.5098684210526315,0.9769736842105263
305,0.940983606557377,0.0,0.5737704918032787,0.5114754098360655,0.9770491803278688
306,0.9411764705882353,0.0,0.5718954248366013,0.5130718954248366,0.9771241830065359
307,0.9413680781758957,0.0,0.5700325732899023,0.511400651465798,0.9771986970684039
308,0.9415584415584416,0.0,0.5714285714285714,0.5097402597402597,0.9772727272727273
309,0.941747572815534,0.0,0.5728155339805825,0.511326860841424,0.9773462783171522
310,0.9419354838709677,0.0,0.5741935483870968,0.5096774193548387,0.9774193548387097
311,0.9421221864951769,0.0,0.5755627009646302,0.5112540192926045,0.977491961414791
312,0.9423076923076923,0.0,0.5737179487179487,0.5128205128205128,0.9775641025641025
313,0.9424920127795527,0.0,0.5750798722044729,0.5111821086261981,0.9776357827476039
314,0.9426751592356688,0.0,0.5764331210191083,0.5095541401273885,0.9777070063694268
315,0.9428571428571428,0.0,0.5746031746031746,0.5079365079365079,0.9777777777777777
316,0.9430379746835443,0.0,0.5759493670886076,0.5063291139240507,0.9778481012658228
317,0.943217665615142,0.0,0.5772870662460567,0.5047318611987381,0.9779179810725552
318,0.9433962264150944,0.0,0.5786163522012578,0.5031446540880503,0.9779874213836478
319,0.9435736677115988,0.0,0.5799373040752351,0.5047021943573667,0.9780564263322884
320,0.94375,0.0,0.578125,0.50625,0.978125
321,0.9439252336448598,0.0,0.5763239875389408,0.5046728971962616,0.9781931464174455
322,0.9440993788819876,0.0,0.577639751552795,0.5031055900621118,0.9782608695652174
323,0.9442724458204335,0.0,0.5758513931888545,0.5046439628482973,0.978328173374613
324,0.9444444444444444,0.0,0.5771604938271605,0.5030864197530864,0.9783950617283951
325,0.9446153846153846,0.0,0.5784615384615385,0.5046153846153846,0.9784615384615385
326,0.9447852760736196,0.0,0.5797546012269938,0.5061349693251533,0.9785276073619632
327,0.944954128440367,0.0,0.581039755351682,0.5045871559633027,0.9785932721712538
328,0.9451219512195121,0.0,0.5823170731707317,0.5030487804878049,0.9786585365853658
329,0.9452887537993921,0.0,0.5835866261398176,0.5045592705167173,0.9787234042553191
330,0.9454545454545454,0.0,0.5848484848484848,0.503030303030303,0.9787878787878788
331,0.945619335347432,0.0,0.5861027190332326,0.5045317220543807,0.9788519637462235
332,0.9457831325301205,0.0,0.5873493975903614,0.5030120481927711,0.9789156626506024
333,0.9459459459459459,0.0,0.5855855855855856,0.5015015015015015,0.978978978978979
334,0.9461077844311377,0.0,0.5868263473053892,0.5029940119760479,0.9790419161676647
335,0.9462686567164179,0.0,0.5880597014925373,0.5044776119402985,0.9791044776119403
336,0.9464285714285714,0.0,0.5892857142857143,0.5029761904761905,0.9791666666666666
337,0.9465875370919882,0.0,0.5875370919881305,0.5014836795252225,0.9792284866468842
338,0.9467455621301775,0.0,0.5857988165680473,0.5,0.9792899408284024
339,0.9469026548672567,0.0,0.5870206489675516,0.5014749262536873,0.9793510324483776
340,0.9470588235294117,0.0,0.5882352941176471,0.5,0.9794117647058823
341,0.9472140762463344,0.0,0.5894428152492669,0.49853372434017595,0.9794721407624634
342,0.9473684210526315,0.0,0.5877192982456141,0.5,0.97953216374269
343,0.9475218658892128,0.0,0.5889212827988338,0.5014577259475219,0.9795918367346939
344,0.9447674418604651,0.0,0.5901162790697675,0.502906976744186,0.9796511627906976
345,0.9449275362318841,0.0,0.591304347826087,0.5043478260869565,0.9797101449275363
346,0.9450867052023122,0.0,0.5924855491329479,0.5057803468208093,0.9797687861271677
347,0.9452449567723343,0.0,0.5936599423631124,0.5043227665706052,0.9798270893371758
348,0.9454022988505747,0.0,0.5919540229885057,0.5028735632183908,0.9798850574712644
349,0.9455587392550143,0.0,0.5902578796561605,0.501432664756447,0.9799426934097422
350,0.9457142857142857,0.0,0.5914285714285714,0.5028571428571429,0.98
351,0.9458689458689459,0.0,0.5925925925925926,0.5042735042735043,0.98005698005698
352,0.9460227272727273,0.0,0.59375,0.5056818181818182,0.9801136363636364
353,0.9461756373937678,0.0,0.5949008498583569,0.5070821529745042,0.9801699716713881
354,0.9463276836158192,0.0,0.596045197740113,0.5056497175141242,0.980225988700565
355,0.9464788732394366,0.0,0.5971830985915493,0.504225352112676,0.9802816901408451
356,0.9466292134831461,0.0,0.5955056179775281,0.5028089887640449,0.9803370786516854
357,0.9467787114845938,0.0,0.5938375350140056,0.5014005602240896,0.9803921568627451
358,0.946927374301676,0.0,0.5949720670391061,0.5027932960893855,0.9804469273743017
359,0.947075208913649,0.0,0.5933147632311978,0.5041782729805014,0.9805013927576601
360,0.9472222222222222,0.0,0.5944444444444444,0.5055555555555555,0.9805555555555555
361,0.9473684210526315,0.0,0.592797783933518,0.5041551246537396,0.9806094182825484
362,0.9475138121546961,0.0,0.5939226519337016,0.505524861878453,0.9806629834254144
363,0.9476584022038568,0.0,0.5922865013774105,0.5068870523415978,0.9807162534435262
364,0.9478021978021978,0.0,0.5934065934065934,0.5082417582417582,0.9807692307692307
365,0.947945205479452,0.0,0.5945205479452055,0.5095890410958904,0.9808219178082191
366,0.9453551912568307,0.0,0.5956284153005464,0.5109289617486339,0.9808743169398907
367,0.9455040871934605,0.0,0.5967302452316077,0.5095367847411444,0.9809264305177112
368,0.9456521739130435,0.0,0.5978260869565217,0.5108695652173914,0.9809782608695652
369,0.94579945799458,0.0,0.5989159891598916,0.5094850948509485,0.981029810298103
370,0.9459459459459459,0.0,0.6,0.5108108108108108,0.981081081081081
371,0.9433962264150944,0.0,0.601078167115903,0.5094339622641509,0.9811320754716981
372,0.9435483870967742,0.0,0.6021505376344086,0.5080645161290323,0.9811827956989247
373,0.9436997319034852,0.0,0.6032171581769437,0.5067024128686327,0.9812332439678284
374,0.9411764705882353,0.0,0.6042780748663101,0.5080213903743316,0.9812834224598931
375,0.9413333333333334,0.0,0.6053333333333333,0.5066666666666667,0.9813333333333333
376,0.9414893617021277,0.0,0.6037234042553191,0.5053191489361702,0.9813829787234043
377,0.9416445623342176,0.0,0.6047745358090185,0.5039787798408488,0.9814323607427056
378,0.9417989417989417,0.0,0.6058201058201058,0.5052910052910053,0.9814814814814815
379,0.941952506596306,0.0,0.6068601583113457,0.5065963060686016,0.9815303430079155
380,0.9421052631578948,0.0,0.6052631578947368,0.5052631578947369,0.9815789473684211
381,0.9422572178477691,0.0,0.6062992125984252,0.5065616797900262,0.9816272965879265
382,0.9424083769633508,0.0,0.6073298429319371,0.5052356020942408,0.981675392670157
383,0.9425587467362925,0.0,0.608355091383812,0.5039164490861618,0.9817232375979112
384,0.9427083333333334,0.0,0.6067708333333334,0.5026041666666666,0.9817708333333334
385,0.9428571428571428,0.0,0.6077922077922078,0.5038961038961038,0.9818181818181818
386,0.9430051813471503,0.0,0.6088082901554405,0.5051813471502591,0.9818652849740933
387,0.9431524547803618,0.0,0.6098191214470284,0.5064599483204134,0.9819121447028424
388,0.9432989690721649,0.0,0.6082474226804123,0.5077319587628866,0.9819587628865979
389,0.9434447300771208,0.0,0.609254498714653,0.506426735218509,0.9820051413881749
390,0.9435897435897436,0.0,0.6076923076923076,0.5076923076923077,0.982051282051282
391,0.9437340153452686,0.0,0.6086956521739131,0.5089514066496164,0.9820971867007673
392,0.9438775510204082,0.0,0.6096938775510204,0.5102040816326531,0.9821428571428571
393,0.9440203562340967,0.0,0.6106870229007634,0.5089058524173028,0.9821882951653944
394,0.9441624365482234,0.0,0.6116751269035533,0.5076142131979695,0.9822335025380711
395,0.9443037974683545,0.0,0.610126582278481,0.5063291139240507,0.9822784810126582
396,0.9419191919191919,0.0,0.6085858585858586,0.5050505050505051,0.9797979797979798
397,0.9420654911838791,0.0,0.6070528967254408,0.5037783375314862,0.9798488664987406
398,0.9422110552763819,0.0,0.6080402010050251,0.5050251256281407,0.9798994974874372
399,0.9423558897243107,0.0,0.6090225563909775,0.506265664160401,0.9799498746867168
400,0.9425,0.0,0.6075,0.505,0.98
401,0.942643391521197,0.0,0.6084788029925187,0.5062344139650873,0.9800498753117207
402,0.9427860696517413,0.0,0.6069651741293532,0.5049751243781094,0.9800995024875622
403,0.9429280397022333,0.0,0.6054590570719603,0.5037220843672456,0.9801488833746899
404,0.943069306930693,0.0,0.6064356435643564,0.504950495049505,0.9801980198019802
405,0.9432098765432099,0.0,0.6074074074074074,0.5061728395061729,0.980246913580247
406,0.9433497536945813,0.0,0.6083743842364532,0.5049261083743842,0.9802955665024631
407,0.9434889434889435,0.0,0.6093366093366094,0.5036855036855037,0.9803439803439803
408,0.9436274509803921,0.0,0.6078431372549019,0.5024509803921569,0.9803921568627451
409,0.9437652811735942,0.0,0.6063569682151589,0.5036674816625917,0.980440097799511
410,0.9439024390243902,0.0,0.6073170731707317,0.5048780487804878,0.9804878048780488
411,0.9440389294403893,0.0,0.6082725060827251,0.5060827250608273,0.9805352798053528
412,0.9441747572815534,0.0,0.6092233009708737,0.5072815533980582,0.9805825242718447
413,0.9443099273607748,0.0,0.6101694915254238,0.5060532687651331,0.9806295399515739
414,0.9444444444444444,0.0,0.6086956521739131,0.5072463768115942,0.9806763285024155
415,0.944578313253012,0.0,0.6096385542168675,0.5084337349397591,0.980722891566265
416,0.9447115384615384,0.0,0.6105769230769231,0.5072115384615384,0.9807692307692307
417,0.9448441247002398,0.0,0.6091127098321343,0.5059952038369304,0.9808153477218226
418,0.9449760765550239,0.0,0.6100478468899522,0.507177033492823,0.9808612440191388
419,0.9427207637231504,0.0,0.6085918854415274,0.5083532219570406,0.9809069212410502
420,0.9428571428571428,0.0,0.6071428571428571,0.5095238095238095,0.9809523809523809
421,0.9429928741092637,0.0,0.6057007125890737,0.5083135391923991,0.9809976247030879
422,0.943127962085308,0.0,0.6066350710900474,0.5071090047393365,0.981042654028436
423,0.9432624113475178,0.0,0.607565011820331,0.508274231678487,0.9810874704491725
424,0.9433962264150944,0.0,0.6084905660377359,0.5070754716981132,0.9811320754716981
425,0.9435294117647058,0.0,0.6094117647058823,0.5058823529411764,0.9811764705882353
426,0.9436619718309859,0.0,0.607981220657277,0.5070422535211268,0.9812206572769953
427,0.9437939110070258,0.0,0.6088992974238876,0.5058548009367682,0.9812646370023419
428,0.9439252336448598,0.0,0.6098130841121495,0.5070093457943925,0.9813084112149533
429,0.9440559440559441,0.0,0.6107226107226107,0.5081585081585082,0.9813519813519813
430,0.9441860465116279,0.0,0.6093023255813953,0.5069767441860465,0.9813953488372092
431,0.9443155452436195,0.0,0.6102088167053364,0.505800464037123,0.9814385150812065
432,0.9444444444444444,0.0,0.6111111111111112,0.5069444444444444,0.9814814814814815
433,0.9445727482678984,0.0,0.6120092378752887,0.5080831408775982,0.9815242494226328
434,0.9447004608294931,0.0,0.6105990783410138,0.5092165898617511,0.9815668202764977
435,0.9448275862068966,0.0,0.6114942528735632,0.5103448275862069,0.9816091954022989
436,0.944954128440367,0.0,0.6123853211009175,0.5114678899082569,0.981651376146789
437,0.9450800915331807,0.0,0.6109839816933639,0.5102974828375286,0.9816933638443935
438,0.9452054794520548,0.0,0.6118721461187214,0.5091324200913242,0.9817351598173516
439,0.9453302961275627,0.0,0.6104783599088838,0.5079726651480638,0.9817767653758542
440,0.9454545454545454,0.0,0.6113636363636363,0.509090909090909,0.9818181818181818
441,0.9455782312925171,0.0,0.6099773242630385,0.5079365079365079,0.981859410430839
442,0.9457013574660633,0.0,0.6108597285067874,0.5090497737556561,0.9819004524886877
443,0.945823927765237,0.0,0.6117381489841986,0.5079006772009029,0.981941309255079
444,0.9459459459459459,0.0,0.6103603603603603,0.509009009009009,0.9819819819819819
445,0.9438202247191011,0.0,0.6112359550561798,0.5101123595505618,0.9820224719101124
446,0.9439461883408071,0.0,0.6098654708520179,0.5089686098654709,0.9820627802690582
447,0.9440715883668904,0.0,0.610738255033557,0.5100671140939598,0.9821029082774049
448,0.9441964285714286,0.0,0.609375,0.5089285714285714,0.9821428571428571
449,0.9443207126948775,0.0,0.6102449888641426,0.5100222717149221,0.9821826280623608
450,0.9444444444444444,0.0,0.6088888888888889,0.5111111111111111,0.9822222222222222
451,0.9445676274944568,0.0,0.6075388026607539,0.5121951219512195,0.9822616407982262
452,0.9446902654867256,0.0,0.6084070796460177,0.5110619469026548,0.9823008849557522
453,0.9448123620309051,0.0,0.6070640176600441,0.5099337748344371,0.9823399558498896
454,0.9449339207048458,0.0,0.6079295154185022,0.5110132158590308,0.9823788546255506
455,0.945054945054945,0.0,0.6087912087912087,0.5098901098901099,0.9824175824175824
456,0.9451754385964912,0.0,0.6096491228070176,0.5087719298245614,0.9824561403508771
457,0.9452954048140044,0.0,0.6105032822757112,0.5076586433260394,0.9824945295404814
458,0.9454148471615721,0.0,0.611353711790393,0.5065502183406113,0.982532751091703
459,0.9455337690631809,0.0,0.6100217864923747,0.5054466230936819,0.9825708061002179
460,0.9456521739130435,0.0,0.6108695652173913,0.5043478260869565,0.9826086956521739
461,0.9457700650759219,0.0,0.6117136659436009,0.5032537960954447,0.982646420824295
462,0.9458874458874459,0.0,0.6103896103896104,0.5043290043290043,0.9826839826839827
463,0.9460043196544277,0.0,0.6112311015118791,0.5032397408207343,0.9827213822894169
464,0.9461206896551724,0.0,0.6099137931034483,0.5021551724137931,0.9827586206896551
465,0.946236559139785,0.0,0.610752688172043,0.5010752688172043,0.9827956989247312
466,0.9463519313304721,0.0,0.6115879828326181,0.5,0.9828326180257511
467,0.9464668094218416,0.0,0.6102783725910065,0.4989293361884368,0.9828693790149893
468,0.9465811965811965,0.0,0.6111111111111112,0.49786324786324787,0.9829059829059829
469,0.9466950959488273,0.0,0.6098081023454158,0.4989339019189765,0.9829424307036247
470,0.9446808510638298,0.0,0.6106382978723405,0.5,0.9829787234042553
471,0.9447983014861996,0.0,0.6114649681528662,0.4989384288747346,0.9830148619957537
472,0.9449152542372882,0.0,0.6101694915254238,0.5,0.9830508474576272
473,0.945031712473573,0.0,0.6109936575052854,0.5010570824524313,0.9830866807610994
474,0.9451476793248945,0.0,0.6118143459915611,0.5,0.9831223628691983
475,0.9452631578947368,0.0,0.6126315789473684,0.49894736842105264,0.9831578947368421
476,0.9453781512605042,0.0,0.6113445378151261,0.49789915966386555,0.9831932773109243
477,0.9454926624737946,0.0,0.6121593291404612,0.4968553459119497,0.9832285115303984
478,0.9456066945606695,0.0,0.6108786610878661,0.49581589958158995,0.9832635983263598
479,0.9457202505219207,0.0,0.6096033402922756,0.4968684759916493,0.9832985386221295
480,0.9458333333333333,0.0,0.6104166666666667,0.4979166666666667,0.9833333333333333
481,0.9459459459459459,0.0,0.6112266112266113,0.498960498960499,0.9833679833679834
482,0.946058091286307,0.0,0.6120331950207469,0.4979253112033195,0.983402489626556
483,0.9461697722567288,0.0,0.6128364389233955,0.4968944099378882,0.9834368530020704
484,0.9462809917355371,0.0,0.6136363636363636,0.49793388429752067,0.9834710743801653
485,0.9463917525773196,0.0,0.6144329896907217,0.49690721649484537,0.9835051546391752
486,0.9465020576131687,0.0,0.6152263374485597,0.49794238683127573,0.9835390946502057
487,0.946611909650924,0.0,0.6139630390143738,0.49691991786447637,0.9835728952772074
488,0.9467213114754098,0.0,0.6127049180327869,0.4959016393442623,0.9836065573770492
489,0.9468302658486708,0.0,0.6134969325153374,0.4948875255623722,0.983640081799591
490,0.9469387755102041,0.0,0.6142857142857143,0.49387755102040815,0.9836734693877551
491,0.9470468431771895,0.0,0.6130346232179226,0.49287169042769857,0.9837067209775967
492,0.9471544715447154,0.0,0.6117886178861789,0.491869918699187,0.983739837398374
493,0.947261663286004,0.0,0.6105476673427992,0.4908722109533469,0.9837728194726166
494,0.9473684210526315,0.0,0.6093117408906883,0.4898785425101215,0.9838056680161943
495,0.9474747474747475,0.0,0.6080808080808081,0.4888888888888889,0.9838383838383838
496,0.9475806451612904,0.0,0.6068548387096774,0.4879032258064516,0.9838709677419355
497,0.9476861167002012,0.0,0.6056338028169014,0.48893360160965793,0.9839034205231388
498,0.9477911646586346,0.0,0.606425702811245,0.4879518072289157,0.9839357429718876
499,0.9478957915831663,0.0,0.6072144288577155,0.48697394789579157,0.9839679358717435
500,0.946,0.0,0.606,0.488,0.984
