time_s,delta_r_m,log_delta_r
0,1e-12,-27.6310211159
0.299382739442,0.0006708171634,-7.30701394188
0.598765478885,0.0026857865249,-5.919781661
0.898148218327,0.00604868914717,-5.10791370031
1.19753095777,0.0107633743386,-4.53160617317
1.49691369721,0.016833502687,-4.08438417081
1.79629643665,0.0242632953956,-3.7187905481
2.0956791761,0.033056305004,-3.4095429592
2.39506191554,0.0432167050695,-3.14152816705
2.69444465498,0.0547483346515,-2.90500832807
2.99382739442,0.0676550742842,-2.69333291928
3.29321013387,0.0819411283109,-2.50175423699
3.59259287331,0.0976112203083,-2.32676283
3.89197561275,0.114666854185,-2.16572427495
4.19135835219,0.133114854548,-2.01654295539
4.49074109164,0.152959037276,-1.87758512366
4.79012383108,0.17420257008,-1.74753646106
5.08950657052,0.196849460697,-1.62531600126
5.38888930996,0.220905381649,-1.51002080648
5.6882720494,0.246372838295,-1.40090928759
5.98765478885,0.273257175085,-1.29734189396
6.28703752829,0.301563322171,-1.19877526108
6.58642026773,0.331294147397,-1.1047486354
6.88580300717,0.362454042004,-1.0148575934
7.18518574662,0.395048858577,-0.928745829131
7.48456848606,0.42908267637,-0.846105659811
7.7839512255,0.464558891414,-0.766666944234
8.08333396494,0.501482752492,-0.690186064013
8.38271670439,0.539858443055,-0.61644831628
8.68209944383,0.579691141592,-0.545259831774
8.98148218327,0.620984431744,-0.476449267018
9.28086492271,0.663744137147,-0.409858539388
9.58024766216,0.707974276282,-0.345347518883
9.8796304016,0.753679525192,-0.282788034229
10.179013141,0.800865528673,-0.222062225317
10.4783958805,0.849535507044,-0.163065541163
10.7777786199,0.899695270714,-0.105699161088
11.0771613594,0.951349361397,-0.0498739217553
11.3765440988,1.00450254888,0.00449244273351
11.6759268383,1.05915978392,0.0574759371277
11.9753095777,1.1153260683,0.109146800101
12.2746923171,1.17300613636,0.159569800992
12.5740750566,1.23220507875,0.20880531128
12.873457796,1.29292799461,0.256909409613
13.1728405355,1.35518029838,0.303934507017
13.4722232749,1.41896695127,0.349929107749
13.7716060143,1.48429323788,0.394938724876
14.0709887538,1.55116380507,0.439005491172
14.3703714932,1.61958411384,0.482169396434
14.6697542327,1.68955899629,0.524467545942
14.9691369721,1.76109415788,0.565935296498
15.2685197116,1.83419514044,0.60660576972
15.567902451,1.90886722675,0.64650999112
15.8672851904,1.98511583812,0.685677269174
16.1666679299,2.06294619461,0.72413515261
16.4660506693,2.14236413778,0.761909956541
16.7654334088,2.223375625,0.799026592816
17.0648161482,2.3059852505,0.835508025686
17.3641988877,2.39019901516,0.871376632417
17.6635816271,2.47602217118,0.906653309218
17.9629643665,2.56346018621,0.941357981094
18.262347106,2.65251906313,0.975509778333
18.5617298454,2.74320472933,1.00912684618
18.8611125849,2.83552382052,1.04222668926
19.1604953243,2.92948092421,1.07482524836
19.4598780638,3.02508202096,1.10693820548
19.7592608032,3.12233293324,1.13858045742
20.0586435426,3.22123860637,1.16976594596
20.3580262821,3.32180583689,1.20050856183
20.6574090215,3.42404099866,1.23082143211
20.956791761,3.52794949029,1.26071682123
21.2561745004,3.63353709978,1.2902065815
21.5555572398,3.7408105063,1.31930230086
21.8549399793,3.84977634162,1.34801505353
22.1543227187,3.96044006605,1.37635514688
22.4537054582,4.07280769696,1.40433261345
22.7530881976,4.18688603832,1.43195726869
23.0524709371,4.30268118559,1.45923835992
23.3518536765,4.42019798426,1.48618448791
23.6512364159,4.53944393779,1.51280452389
23.9506191554,4.66042615227,1.53910689294
24.2500018948,4.78315179469,1.56509970049
24.5493846343,4.90762538916,1.59079019736
24.8487673737,5.03385413186,1.61618591971
25.1481501132,5.16184537793,1.64129414694
25.4475328526,5.29160531936,1.66612166285
25.746915592,5.42313918257,1.69067483277
26.0462983315,5.55645466731,1.71496025511
26.3456810709,5.69155885316,1.73898417427
26.6450638104,5.82845630355,1.76275218032
26.9444465498,5.96715456084,1.78627019081
27.2438292893,6.10766155065,1.80954397499
27.5432120287,6.2499829592,1.83257873722
27.8425947681,6.39412398078,1.85537944062
28.1419775076,6.54009408958,1.87795155215
28.441360247,6.68790047377,1.90029999436
28.7407429865,6.83754827253,1.92242922769
29.0401257259,6.98904345515,1.94434370212
29.3395084654,7.14239532946,1.96604820041
29.6388912048,7.29761094132,1.98754702628
29.9382739442,7.45469385064,2.00884388106
30.2376566837,7.61365270179,2.02994304381
30.5370394231,7.77449582671,2.05084861052
30.8364221626,7.9372289404,2.07156421439
31.135804902,8.10185661857,2.09209324758
31.4351876414,8.26838893383,2.11243968157
31.7345703809,8.43683505691,2.13260724502
32.0339531203,8.60719606892,2.15259860558
32.3333358598,8.77948253117,2.17241746869
32.6327185992,8.95370379095,2.19206727807
32.9321013387,9.12986866143,2.21155130912
33.2314840781,9.30797966898,2.23087206118
33.5308668175,9.48804413448,2.25003249385
33.830249557,9.67007254785,2.2690358118
34.1296322964,9.85407249208,2.28788482071
34.4290150359,10.0400455293,2.30658164904
34.7283977753,10.2280024621,2.32512929815
35.0277805148,10.4179539921,2.34353066312
35.3271632542,10.6099039388,2.36178789875
35.6265459936,10.8038561885,2.37990312489
35.9259287331,10.9998238868,2.39787926238
36.2253114725,11.1978112777,2.41571833757
36.524694212,11.397820251,2.43342213106
36.8240769514,11.5998612117,2.45099313353
37.1234596909,11.8039482453,2.46843407256
37.4228424303,12.0100651319,2.48574505921
37.7222251697,12.2181597665,2.50292335047
38.0216079092,12.4282286423,2.51997038871
38.3209906486,12.6402891133,2.53688926134
38.6203733881,12.8543362727,2.55368120755
38.9197561275,13.0703747164,2.57034819719
39.2191388669,13.2884141198,2.58689253677
39.5185216064,13.5084624357,2.60331633615
39.8179043458,13.7305118567,2.61962049925
40.1172870853,13.9545635607,2.63580659174
40.4166698247,14.1806356193,2.65187734515
40.7160525642,14.4087232856,2.66783380689
41.0154353036,14.6388228938,2.68367710187
41.314818043,14.8709457417,2.6994093591
41.6142007825,15.1050961672,2.7150321814
41.9135835219,15.3412704464,2.7305466117
42.2129662614,15.5794649763,2.74595369944
42.5123490008,15.8196879412,2.76125523656
42.8117317403,16.0619570786,2.77645356153
43.1111144797,16.3062614561,2.79154917246
43.4104972191,16.5525956673,2.80654292743
43.7098799586,16.800972179,2.82143675253
44.009262698,17.0511203253,2.8362159098
44.3086454375,17.30283484,2.85087035166
44.6080281769,17.5561294096,2.86540314305
44.9074109164,17.8110049565,2.87981652224
45.2067936558,18.0674153954,2.89411006147
45.5061763952,18.3254778471,2.90829232367
45.8055591347,18.5852121036,2.92236621631
46.1049418741,18.8466252457,2.93633386581
46.4043246136,19.1097123935,2.95019670809
46.703707353,19.3744873942,2.96395711782
47.0030900925,19.6409641011,2.97761739037
47.3024728319,19.9091407189,2.99117895888
47.6018555713,20.1790203746,3.00464346938
47.9012383108,20.4506183732,3.01801312033
48.2006210502,20.7239474282,3.03128991219
48.5000037897,20.9989997339,3.04447480487
48.7993865291,21.2757874239,3.05756968547
49.0987692685,21.5543261862,3.0705765475
49.398152008,21.8346216748,3.08349686024
49.6975347474,22.1166674724,3.09633150854
49.9969174869,22.4004846866,3.10908259642
50.2963002263,22.6860859847,3.12175178434
50.5956829658,22.9734671608,3.13433994832
50.8950657052,23.2626346211,3.146848409
51.1944484446,23.553605998,3.15927892967
51.4938311841,23.8463956825,3.17163308149
51.7932139235,24.1409971677,3.18391152251
52.092596663,24.4374220896,3.19611564959
52.3919794024,24.735687578,3.20824704207
52.6913621419,25.0357978287,3.2203067138
52.9907448813,25.3377514138,3.23229543433
53.2901276207,25.641567071,3.2442147484
53.5895103602,25.947261656,3.25606608019
53.8888930996,26.2548332752,3.26785009686
54.1882758391,26.5642887056,3.27956778392
54.4876585785,26.8756465154,3.29122054255
54.787041318,27.1889166875,3.30280941554
55.0864240574,27.5040948226,3.31433489623
55.3858067968,27.8211991252,3.32579828856
55.6851895363,28.1402494655,3.3372009168
55.9845722757,28.4612558446,3.34854371834
56.2839550152,28.7842146506,3.35982713447
56.5833377546,29.1091449897,3.37105238562
56.882720494,29.436067287,3.38222070093
57.1821032335,29.7649765386,3.39333241839
57.4814859729,30.0958830877,3.40438838791
57.7808687124,30.4288155869,3.4153900406
58.0802514518,30.7637841799,3.42633815983
58.3796341913,31.1007876539,3.43723314536
58.6790169307,31.4398436046,3.44807599314
58.9783996701,31.7809705717,3.45886770097
59.2777824096,32.1242115201,3.46960999879
59.577165149,32.4695744427,3.48030347986
59.8765478885,32.8170809935,3.49094914184
60.1759306279,33.1667673335,3.50154839067
60.4753133674,33.5187844303,3.51210601094
60.7746961068,33.8731944765,3.52262397819
61.0740788462,34.2300021843,3.53310251635
61.3734615857,34.5892351135,3.54354250977
61.6728443251,34.9509043739,3.55394434457
61.9722270646,35.315033036,3.56430873833
62.271609804,35.6816375435,3.57463620194
62.5709925435,36.0507290119,3.58492708577
62.8703752829,36.4223413202,3.5951823589
63.1697580223,36.7965002398,3.60540273847
63.4691407618,37.1732328385,3.61558895493
63.7685235012,37.5525559406,3.62574144355
64.0679062407,37.9344825039,3.63586052704
64.3672889801,38.319034951,3.64594676883
64.6666717195,38.7062167617,3.65600022697
64.966054459,39.096017739,3.6660206137
65.2654371984,39.4884629905,3.67600855305
65.5648199379,39.8835793181,3.68596469328
65.8642026773,40.2813699559,3.69588907809
66.1635854168,40.6818415649,3.7057818397
66.4629681562,41.0850133933,3.71564341737
66.7623508956,41.4909067275,3.72547428823
67.0617336351,41.8995211547,3.73527439857
67.3611163745,42.3108707499,3.74504404476
67.660499114,42.7249837493,3.75478384865
67.9598818534,43.1418677003,3.76449393396
68.2592645929,43.5615215433,3.77417422728
68.5586473323,43.9839704558,3.78382525972
68.8580300717,44.4092382287,3.79344751601
69.1574128112,44.8373091952,3.80304058738
69.4567955506,45.268211343,3.8126050498
69.7561782901,45.7019668359,3.82214133496
70.0555610295,46.1385928374,3.83164975461
70.354943769,46.5780879206,3.84113021425
70.6543265084,47.020471567,3.85058307213
70.9537092478,47.4657731486,3.86000888602
71.2530919873,47.9140173364,3.86940809911
71.5524747267,48.3651911536,3.87878036394
71.8518574662,48.8193142898,3.88812601918
72.1512402056,49.2764122194,3.89744551258
72.4506229451,49.7364885267,3.90673883932
72.7500056845,50.199549683,3.9160060562
73.0493884239,50.6656217307,3.92524760823
73.3487711634,51.1347127866,3.93446357748
73.6481539028,51.606822287,3.94365387861
73.9475366423,52.0819785464,3.9528189877
74.2469193817,52.5602065871,3.96195930467
74.5463021211,53.0415045805,3.97107471238
74.8456848606,53.5258867243,3.98016540088
75.1450676,54.0133780484,3.98923175752
75.4444503395,54.5040009002,3.99827410999
75.7438330789,54.9977534232,4.00729233755
76.0432158184,55.4946538797,4.01628668962
76.3425985578,55.9947261789,4.02525751092
76.6419812972,56.4979985948,4.03420521442
76.9413640367,57.0044668138,4.04312962992
77.2407467761,57.5141471386,4.05203095473
77.5401295156,58.0270617329,4.06090948333
77.839512255,58.5432098315,4.06976511118
78.1388949945,59.0626080722,4.07859803505
78.4382777339,59.5852825085,4.0874086058
78.7376604733,60.1112550859,4.09619709665
79.0370432128,60.6405266268,4.10496342577
79.3364259522,61.1731149681,4.11370779509
79.6358086917,61.7090444886,4.12243050831
79.9351914311,62.2483398075,4.13113186523
80.2345741706,62.7910007544,4.13981176312
80.53395691,63.3370371928,4.14847026377
80.8333396494,63.8864910284,4.15710793103
81.1327223889,64.4393343631,4.16572422869
81.4321051283,64.995604024,4.17431963721
81.7314878678,65.555323938,4.18289442641
82.0308706072,66.1185180296,4.19144885936
82.3302533466,66.6851905299,4.19998289723
82.6296360861,67.2553609597,4.20849673218
82.9290188255,67.8290521413,4.21699060083
83.228401565,68.4062746697,4.22546455536
83.5277843044,68.9870383254,4.2339186366
83.8271670439,69.5713673853,4.24235309456
84.1265497833,70.1592870274,4.25076818592
84.4259325227,70.7508161012,4.25916407146
84.7253152622,71.3459565318,4.26754067142
85.0246980016,71.9447320988,4.27589821451
85.3240807411,72.5471602644,4.28423683679
85.6234634805,73.1532442622,4.2925564773
85.92284622,73.7630097335,4.30085738283
86.2222289594,74.3764822973,4.30913979371
86.5216116988,74.993678107,4.31740381808
86.8209944383,75.614604573,4.32564944671
87.1203771777,76.2392877192,4.33387691669
87.4197599172,76.8677496597,4.34208640831
87.7191426566,77.5000020347,4.35027796261
88.0185253961,78.1360450241,4.35845147437
88.3179081355,78.7759014242,4.3666071306
88.6172908749,79.4195911335,4.37474507753
88.9166736144,80.0671241054,4.38286533418
89.2160563538,80.7185223862,4.39096807045
89.5154390933,81.3738090588,4.3990534652
89.8148218327,82.0330084012,4.40712170774
90.1142045721,82.6961294202,4.41517279828
90.4135873116,83.3631955844,4.42320691202
90.712970051,84.0342272412,4.43122418301
91.0123527905,84.7092337992,4.43922461342
91.3117355299,85.3882357975,4.44720833718
91.6111182694,86.0712670102,4.45517563925
91.9105010088,86.7583500839,4.46312666876
92.2098837482,87.4494910283,4.4710613813
92.5092664877,88.1447169602,4.47897997466
92.8086492271,88.8440380815,4.48688245141
93.1080319666,89.5474625654,4.49476879271
93.407414706,90.2550290657,4.50263931938
93.7067974455,90.9667542802,4.51049410218
94.0061801849,91.6826648141,4.51833331902
94.3055629243,92.4027711416,4.52615696891
94.6049456638,93.1271008839,4.53396523627
94.9043284032,93.8556799928,4.54175828323
95.2037111427,94.5885269796,4.54953618942
95.5030938821,95.325657373,4.55729900184
95.8024766216,96.0670989274,4.56504689448
96.101859361,96.8128784285,4.57278002705
96.4012421004,97.5630021962,4.58049834569
96.7006248399,98.3174989078,4.58820202665
97.0000075793,99.0763956608,4.59589122589
97.2993903188,99.8397210336,4.60356611048
97.5987730582,100.607497567,4.61122678339
97.8981557977,101.37973929,4.61887326143
98.1975385371,102.156472372,4.62650568071
98.4969212765,102.937723034,4.63412417463
98.796304016,103.723508267,4.6417287845
99.0956867554,104.513851399,4.6493196119
99.3950694949,105.308778902,4.65689678605
99.6944522343,106.108308111,4.66446034709
99.9938349737,106.912467254,4.67201043662
100.293217713,107.721281114,4.67954716088
100.592600453,108.534775193,4.68707063032
100.891983192,109.352974951,4.69458095253
101.191365932,110.175899764,4.70207817738
101.490748671,111.003576956,4.70956242562
101.79013141,111.836008734,4.71703359056
102.08951415,112.673228039,4.72449184215
102.388896889,113.515272365,4.73193738615
102.688279629,114.362169071,4.73937033432
102.987662368,115.21393934,4.74679074215
103.287045108,116.070610612,4.75419871809
103.586427847,116.932222078,4.76159446846
103.885810586,117.798785624,4.76897796237
104.185193326,118.670325195,4.77634927201
104.484576065,119.546872951,4.78370853673
104.783958805,120.428466674,4.7910559391
105.083341544,121.315116993,4.79839143302
105.382724284,122.206860981,4.80571519067
105.682107023,123.103722714,4.81302727411
105.981489763,124.005733878,4.82032780549
106.280872502,124.912908488,4.82761676238
106.580255241,125.825276789,4.83489425245
106.879637981,126.742863958,4.84216034075
107.17902072,127.665714506,4.84941524231
107.47840346,128.593854777,4.8566590251
107.777786199,129.527295698,4.86389163652
108.077168939,130.466072741,4.87111321396
108.376551678,131.410214515,4.87832383907
108.675934418,132.359752752,4.88552361506
108.975317157,133.314714459,4.89271260713
109.274699896,134.275133882,4.89989093287
109.574082636,135.241050096,4.90705874249
109.873465375,136.212476718,4.91421599538
110.172848115,137.189445529,4.9213627847
110.472230854,138.171986731,4.92849918985
110.771613594,139.160124686,4.93562524627
111.070996333,140.153896695,4.94274108097
111.370379073,141.153334125,4.94984677557
111.669761812,142.158467652,4.95694240475
111.969144551,143.169327589,4.96402803877
112.268527291,144.18594782,4.97110377087
112.56791003,145.208356561,4.97816965281
112.86729277,146.236589835,4.98522578847
113.166675509,147.270677104,4.99227223443
113.466058249,148.310651883,4.99930907315
113.765440988,149.356554625,5.00633643138
114.064823728,150.408421396,5.01335440327
114.364206467,151.466266198,5.02036293479
114.663589206,152.530139652,5.02736221358
114.962971946,153.600052617,5.03435216327
115.262354685,154.676056996,5.04133297505
115.561737425,155.758180472,5.04830467938
115.861120164,156.846463287,5.05526738601
116.160502904,157.940932647,5.06222111912
116.459885643,159.041632455,5.06916600729
116.759268383,160.148599556,5.07610213144
117.058651122,161.261857851,5.08302949003
117.358033861,162.381443529,5.08994815721
117.657416601,163.507413088,5.0968583293
117.95679934,164.639781664,5.10375994594
118.25618208,165.778594036,5.11065312723
118.555564819,166.92389175,5.11753797051
118.854947559,168.075711432,5.12441454117
119.154330298,169.234094368,5.13128293023
119.453713038,170.399080206,5.13814321653
119.753095777,171.570701434,5.14499543491
120.052478516,172.749003102,5.15183969188
120.351861256,173.934022536,5.15867604648
120.651243995,175.125806719,5.16550461118
120.950626735,176.324374612,5.1723253363
121.250009474,177.529777403,5.17913835486
121.549392214,178.742078239,5.18594386305
121.848774953,179.961300775,5.19274183208
122.148157692,181.187488317,5.1995323422
122.447540432,182.420684034,5.20631547052
122.746923171,183.660929041,5.21309128066
123.046305911,184.908266775,5.21985984683
123.34568865,186.162742141,5.22662124891
123.64507139,187.424393877,5.23337553144
123.944454129,188.693265901,5.24012276494
124.243836869,189.969387868,5.2468629427
124.543219608,191.252825785,5.25359624794
124.842602347,192.543636361,5.26032281043
125.141985087,193.841848321,5.26704261175
125.441367826,195.147485512,5.27375560864
125.740750566,196.460636618,5.28046208869
126.040133305,197.781335954,5.28716205656
126.339516045,199.10964423,5.29385564902
126.638898784,200.445599439,5.30054288544
126.938281524,201.789234675,5.30722375999
127.237664263,203.140603241,5.31389836609
127.537047002,204.499784082,5.32056691965
127.836429742,205.866811858,5.32722941531
128.135812481,207.241730302,5.33388589118
128.435195221,208.624591291,5.34053642292
128.73457796,210.015441856,5.34718106066
129.0339607,211.414339746,5.35381990342
129.333343439,212.82131872,5.3604529344
129.632726179,214.236452873,5.36708032501
129.932108918,215.659798243,5.37370215792
130.231491657,217.091424677,5.38031857669
130.530874397,218.531376028,5.38692960161
130.830257136,219.979700948,5.39353527368
131.129639876,221.436470683,5.40013573427
131.429022615,222.90172312,5.40673097082
131.728405355,224.375476438,5.41332088264
132.027788094,225.857786694,5.41990553879
132.327170834,227.348690479,5.42648492032
132.626553573,228.848163664,5.43305874288
132.925936312,230.356268871,5.43962710556
133.225319052,231.873066167,5.44619009335
133.524701791,233.398605463,5.45274774495
133.824084531,234.932853537,5.45929974368
134.12346727,236.475866328,5.4658461576
134.42285001,238.027701421,5.47238705942
134.722232749,239.58832656,5.47892214452
135.021615489,241.157799735,5.48545148991
135.320998228,242.736196461,5.49197524237
135.620380967,244.323541647,5.4984933373
135.919763707,245.919819169,5.50500554447
136.219146446,247.525071144,5.51151187443
136.518529186,249.139358651,5.5180124132
136.817911925,250.76269451,5.52450705172
137.117294665,252.395078563,5.53099563191
137.416677404,254.036572079,5.53747824122
137.716060143,255.687215905,5.54395488459
138.015442883,257.346956048,5.55042519796
138.314825622,259.015885898,5.55688939533
138.614208362,260.694054604,5.56334751517
138.913591101,262.381543993,5.5697997192
139.212973841,264.078305579,5.57624567121
139.51235658,265.784416806,5.58268551704
139.81173932,267.499928207,5.58911929795
140.111122059,269.224888085,5.59554704552
140.410504798,270.959252257,5.6019684489
140.709887538,272.703083898,5.60838359854
141.009270277,274.456449995,5.61479259625
141.308653017,276.219337351,5.62119525066
141.608035756,277.99177131,5.62759151365
141.907418496,279.773815032,5.63398147326
142.206801235,281.565515358,5.64036515712
142.506183975,283.366849946,5.64674234775
142.805566714,285.177873502,5.65311310314
143.104949453,286.998653301,5.65947752342
143.404332193,288.829172159,5.66583541355
143.703714932,290.669458384,5.67218673973
144.003097672,292.519580798,5.67853160733
144.302480411,294.379581839,5.68487002928
144.601863151,296.249428911,5.69120176472
144.90124589,298.129196085,5.69752693646
145.20062863,300.018935485,5.70384559095
145.500011369,301.91869716,5.71015776643
145.799394108,303.828448714,5.71646322868
146.098776848,305.748266415,5.72276210461
146.398159587,307.678217679,5.72905448905
146.697542327,309.618288541,5.73534021148
146.996925066,311.568506149,5.74161923748
147.296307806,313.528941728,5.74789167393
147.595690545,315.49967812,5.75415766176
147.895073285,317.480697519,5.76041702127
148.194456024,319.472014403,5.76666967813
148.493838763,321.473708528,5.77291576282
148.793221503,323.485794465,5.77915520097
149.092604242,325.508267085,5.78538785944
149.391986982,327.541194613,5.79161383224
149.691369721,329.584642682,5.79783320315
149.990752461,331.638571086,5.80404573461
150.2901352,333.703040457,5.81025149706
150.58951794,335.778122479,5.81645059207
150.888900679,337.863825739,5.82264293188
151.188283418,339.960123608,5.82882832723
151.487666158,342.067119464,5.83500697355
151.787048897,344.184888515,5.8411789796
152.086431637,346.314157007,5.84734633133
152.385814376,348.453769051,5.85350556444
152.685197116,350.603476067,5.85965588706
152.984579855,352.764056904,5.86579943942
153.283962594,354.928820501,5.87191726374
153.583345334,357.094050842,5.87799919482
153.882728073,359.25975856,5.88404568829
154.182110813,361.425930666,5.89005712618
154.481493552,363.592554339,5.89603388448
154.780876292,365.759616912,5.90197633323
155.080259031,367.927105879,5.9078848367
155.379641771,370.095008461,5.9137597523
155.67902451,372.263314015,5.91960143725
155.978407249,374.432019802,5.92541026392
156.277789989,376.601137172,5.93118663579
156.577172728,378.770650388,5.93693087781
156.876555468,380.940551078,5.94264332904
157.175938207,383.110828755,5.94832431744
157.475320947,385.281478256,5.95397417951
157.774703686,387.452498276,5.95959325619
158.074086426,389.62388697,5.96518188141
158.373469165,391.795640589,5.97074037883
158.672851904,393.96775447,5.9762690645
158.972234644,396.140222608,5.98176824607
159.271617383,398.313030273,5.98723820437
159.571000123,400.486155261,5.99267919727
159.870382862,402.65961055,5.9980915662
160.169765602,404.8333878,6.00347559431
160.469148341,407.007489426,6.00883158681
160.768531081,409.181915703,6.01415983883
161.06791382,411.356662505,6.01946063017
161.367296559,413.531725263,6.02473423525
161.666679299,415.707099479,6.02998092448
161.966062038,417.882780724,6.03520096431
162.265444778,420.058764623,6.04039461726
162.564827517,422.235026401,6.04556209361
162.864210257,424.411570998,6.05070367074
163.163592996,426.588397522,6.05581960811
163.462975736,428.765506017,6.06091016346
163.762358475,430.94289777,6.06597559355
164.061741214,433.120569272,6.07101614022
164.361123954,435.298516239,6.07603203996
164.660506693,437.476734456,6.081023526
164.959889433,439.655219771,6.08599082831
165.259272172,441.8339676,6.09093417259
165.558654912,444.012973629,6.09585378189
165.858037651,446.192227977,6.1007498636
166.157420391,448.371735323,6.1056226547
166.45680313,450.551497273,6.11047238189
166.756185869,452.731505039,6.11529924566
167.055568609,454.911753495,6.12010345178
167.354951348,457.092241731,6.12488521239
167.654334088,459.272969108,6.12964473723
167.953716827,461.453935048,6.13438223325
168.253099567,463.635138911,6.13909790435
168.552482306,465.816574843,6.14379194042
168.851865045,467.998238342,6.14846453168
169.151247785,470.180102844,6.15311581884
169.450630524,472.362192388,6.15774604807
169.750013264,474.54450423,6.1623554055
170.049396003,476.727036008,6.16694407553
170.348778743,478.909785409,6.17151224023
170.648161482,481.092750157,6.17606007929
170.947544222,483.275928026,6.18058777009
171.246926961,485.459316827,6.18509548778
171.5463097,487.642914398,6.18958340521
171.84569244,489.826721225,6.19405169841
172.145075179,492.010721217,6.19850050735
172.444457919,494.194909693,6.20292999341
172.743840658,496.379304343,6.20734036097
173.043223398,498.563897593,6.21173176091
173.342606137,500.748683213,6.21610434491
173.641988877,502.933661011,6.22045827474
173.941371616,505.11883182,6.22479371213
174.240754355,507.304196503,6.22911081677
174.540137095,509.489755951,6.23340974638
174.839519834,511.675506036,6.23769064684
175.138902574,513.861440724,6.24195365854
175.438285313,516.047561611,6.2461989349
175.737668053,518.233866646,6.25042662038
176.037050792,520.420355729,6.25463686142
176.336433532,522.607025953,6.25882979722
176.635816271,524.79387414,6.26300556481
176.93519901,526.980897705,6.26716430065
177.23458175,529.168094123,6.27130613965
177.533964489,531.355462183,6.27543121759
177.833347229,533.543005281,6.2795396772
178.132729968,535.730732509,6.28363167012
178.432112708,537.91864929,6.28770733923
178.731495447,540.106731206,6.29176677041
179.030878187,542.294983547,6.29581010348
179.330260926,544.483404478,6.29983746345
179.629643665,546.671991356,6.30384897239
179.929026405,548.860741573,6.307844751
180.228409144,551.049652553,6.31182491862
180.527791884,553.238721739,6.31578959325
180.827174623,555.427946681,6.31973889172
181.126557363,557.617330774,6.32367293998
181.425940102,559.806887544,6.32759188059
181.725322842,561.996604038,6.33149580724
182.024705581,564.186461933,6.33538480312
182.32408832,566.376478499,6.33925901344
182.62347106,568.56664543,6.34311853663
182.922853799,570.756960316,6.34696348037
183.222236539,572.94742616,6.3507939606
183.521619278,575.138046171,6.35461009228
183.821002018,577.328823489,6.35841198891
184.120384757,579.519755785,6.36219975329
184.419767496,581.710835826,6.3659734786
184.719150236,583.902059289,6.36973326207
185.018532975,586.093427595,6.37347920963
185.317915715,588.284942088,6.37721142591
185.617298454,590.47660281,6.38093001218
185.916681194,592.668408349,6.38463506612
186.216063933,594.860356967,6.38832668383
186.515446673,597.052446936,6.39200496035
186.814829412,599.244677689,6.39566999165
187.114212151,601.437051559,6.3993218775
187.413594891,603.629566951,6.40296071004
187.71297763,605.822222384,6.40658658063
188.01236037,608.015021754,6.41019958849
188.311743109,610.207975079,6.41379984181
188.611125849,612.401064466,6.41738740197
188.910508588,614.594293624,6.42096236495
189.209891328,616.787662314,6.42452481932
189.509274067,618.981165472,6.42807484487
189.808656806,621.174799169,6.43161252247
190.108039546,623.368564892,6.4351379408
190.407422285,625.562465423,6.43865118971
190.706805025,627.756500779,6.44215235367
191.006187764,629.950668857,6.44564151292
191.305570504,632.144977187,6.44911876212
191.604953243,634.339423127,6.45258417889
191.904335983,636.534001174,6.45603783554
192.203718722,638.728708141,6.45947980733
192.503101461,640.923542556,6.46291017142
192.802484201,643.118502972,6.46632900426
193.10186694,645.313589039,6.4697363832
193.40124968,647.508805667,6.47313239297
193.700632419,649.70415275,6.47651710966
194.000015159,651.899626823,6.47989060348
194.299397898,654.095225722,6.48325294594
194.598780638,656.29094253,6.48660420058
194.898163377,658.486784363,6.48994445168
195.197546116,660.682751125,6.49327377173
195.496928856,662.878842446,6.49659223208
195.796311595,665.075057583,6.49989990283
196.095694335,667.27139587,6.50319685352
196.395077074,669.467858382,6.50648315559
196.694459814,671.66444391,6.50975887639
196.993842553,673.861149513,6.51302408006
197.293225293,676.057972878,6.51627883106
197.592608032,678.254920357,6.519523206
197.891990771,680.451983983,6.5227572597
198.191373511,682.649167834,6.52598106411
198.49075625,684.846471652,6.52919468417
198.79013899,687.043895233,6.53239818426
199.089521729,689.241438385,6.53559162819
199.388904469,691.439100912,6.53877507913
199.688287208,693.636882073,6.5419485989
199.987669947,695.834781464,6.5451122492
200.287052687,698.032798989,6.54826609161
200.586435426,700.230931181,6.55141018232
200.885818166,702.42916331,6.55454456098
201.185200905,704.627503491,6.55766929934
201.484583645,706.825960559,6.56078446948
201.783966384,709.024534067,6.5638901297
202.083349124,711.223223575,6.56698633774
202.382731863,713.422028649,6.57007315085
202.682114602,715.620948894,6.57315062579
202.981497342,717.819984392,6.5762188195
203.280880081,720.019135491,6.57927778873
203.580262821,722.218402319,6.58232758944
203.87964556,724.417783397,6.58536827485
204.1790283,726.617290995,6.58839991663
204.478411039,728.816910358,6.59142254869
204.777793779,731.016645301,6.59443623008
205.077176518,733.216495739,6.59744101399
205.376559257,735.416459609,6.60043695046
205.675941997,737.616534964,6.60342408924
205.975324736,739.816723248,6.60640248424
206.274707476,742.017024618,6.60937218713
206.574090215,744.217436848,6.61233324596
206.873472955,746.417959803,6.61528571115
207.172855694,748.61860403,6.61822964692
207.472238434,750.819367596,6.62116510033
207.771621173,753.020243313,6.62409211099
208.071003912,755.221232957,6.62701073011
208.370386652,757.422333349,6.62992100189
208.669769391,759.623541484,6.63282297041
208.969152131,761.824859459,6.63571668604
209.26853487,764.026289913,6.63860219945
209.56791761,766.227830597,6.64147955449
209.867300349,768.429482029,6.64434879823
210.166683089,770.631243531,6.64720997579
210.466065828,772.833106354,6.65006312147
210.765448567,775.035078482,6.65290829089
211.064831307,777.237158953,6.65574552767
211.364214046,779.439348623,6.65857487742
211.663596786,781.641648787,6.66139638588
211.962979525,783.844057627,6.66421009448
212.262362265,786.04657507,6.66701604649
212.561745004,788.249202912,6.66981428721
212.861127744,790.451939771,6.67260485755
213.160510483,792.654784638,6.67538779853
213.459893222,794.85773677,6.67816315118
213.759275962,797.060793434,6.68093095372
214.058658701,799.263958553,6.68369125235
214.358041441,801.467231652,6.68644408744
214.65742418,803.670612959,6.68918949986
214.95680692,805.874102855,6.69192753037
215.256189659,808.077701316,6.69465821889
215.555572398,810.281406806,6.69738160314
215.854955138,812.485219878,6.70009772312
216.154337877,814.689141419,6.70280661891
216.453720617,816.893171089,6.70550832877
216.753103356,819.097323277,6.70820290863
217.052486096,821.301594128,6.71089039173
217.351868835,823.505972401,6.71357080205
217.651251575,825.710457052,6.71624417581
217.950634314,827.915048153,6.71891055027
218.250017053,830.119746036,6.72156996272
218.549399793,832.324552034,6.72422245134
218.848782532,834.529466704,6.72686805309
219.148165272,836.73448916,6.72950680291
219.447548011,838.939616886,6.73213873354
219.746930751,841.144851889,6.73476388282
220.04631349,843.350187266,6.73738227775
220.34569623,845.555629531,6.73999396101
220.645078969,847.761176741,6.74259896492
220.944461708,849.966830697,6.74519732601
221.243844448,852.17259463,6.74778908217
221.543227187,854.378467247,6.7503742657
221.842609927,856.584443694,6.75295290449
222.141992666,858.790526527,6.75552503488
222.441375406,860.996717625,6.75809069214
222.740758145,863.20301404,6.76064990564
223.040140885,865.409420186,6.76320271309
223.339523624,867.615939428,6.76574915065
223.638906363,869.822565165,6.76828924276
223.938289103,872.029299963,6.77082302422
224.237671842,874.236141257,6.77335052367
224.537054582,876.443086759,6.77587176986
224.836437321,878.650139847,6.7783867978
225.135820061,880.857301353,6.78089563932
225.4352028,883.064568448,6.78339832188
225.73458554,885.271940994,6.78589487577
226.033968279,887.479420305,6.78838533269
226.333351018,889.687015498,6.7908697329
226.632733758,891.89471832,6.79334809682
226.932116497,894.102527598,6.79582045271
227.231499237,896.310444789,6.79828683152
227.530881976,898.518470163,6.80074726268
227.830264716,900.726604214,6.80320177562
228.129647455,902.934848832,6.80565040113
228.429030195,905.14319849,6.80809316156
228.728412934,907.351650583,6.81053008234
229.027795673,909.560204725,6.81296119118
229.327178413,911.768863138,6.81538651841
229.626561152,913.977618084,6.81780608328
229.925943892,916.186479082,6.82021992374
230.225326631,918.395447167,6.8226280682
230.524709371,920.604529034,6.82503055103
230.82409211,922.813725283,6.82742739971
231.123474849,925.023025957,6.82981863013
231.422857589,927.232426368,6.83220426377
231.722240328,929.44192872,6.83458432938
232.021623068,931.651535576,6.83695885591
232.321005807,933.861250114,6.83932787271
232.620388547,936.071086676,6.8416914209
232.919771286,938.28104122,6.84404952164
233.219154026,940.49110395,6.84640218984
233.518536765,942.701275115,6.84874945102
233.817919504,944.911553346,6.85109132877
234.117302244,947.121938212,6.85342784753
234.416684983,949.332433304,6.8557590358
234.716067723,951.543037059,6.85808491646
235.015450462,953.753746983,6.86040551128
235.314833202,955.964565416,6.8627208469
235.614215941,958.175492907,6.86503094795
235.913598681,960.386518428,6.86733582679
236.21298142,962.597649451,6.86963551499
236.512364159,964.808890108,6.87193004039
236.811746899,967.02024374,6.87421942981
237.111129638,969.231711422,6.87650370758
237.410512378,971.443287,6.87878289038
237.709895117,973.654965293,6.8810569958
238.009277857,975.866745891,6.88332604624
238.308660596,978.078631609,6.88559006722
238.608043336,980.290629089,6.88784908799
238.907426075,982.502743904,6.89010313652
239.206808814,984.714973783,6.89235223258
239.506191554,986.927314028,6.89459639339
239.805574293,989.139763437,6.89683563957
240.104957033,991.352322247,6.89906999309
240.404339772,993.564991055,6.90129947611
240.703722512,995.77776629,6.90352410647
241.003105251,997.990651014,6.90574390855
241.302487991,1000.20364977,6.90795890802
241.60187073,1002.4167628,6.91016912611
241.901253469,1004.62998669,6.91237458026
242.200636209,1006.84332567,6.91457529538
242.500018948,1009.05678213,6.91677129442
242.799401688,1011.27034955,6.91896259133
243.098784427,1013.48402669,6.92114920523
243.398167167,1015.69781474,6.92333115746
243.697549906,1017.91171347,6.92550846788
243.996932646,1020.12572194,6.92768115548
244.296315385,1022.33983901,6.92984923898
244.595698124,1024.55406716,6.93201274048
244.895080864,1026.76841091,6.93417168392
245.194463603,1028.98288163,6.93632609977
245.493846343,1031.19744693,6.93847597579
245.793229082,1033.41210631,6.94062133081
246.092611822,1035.62686762,6.94276219155
246.391994561,1037.84174795,6.94489859348
246.691377301,1040.05675578,6.94703056351
246.99076004,1042.2718878,6.94915811707
247.290142779,1044.48713982,6.95128126864
247.589525519,1046.70250768,6.95340003266
247.888908258,1048.91798721,6.95551442346
248.188290998,1051.13357421,6.9576244553
248.487673737,1053.34926136,6.95973013934
248.787056477,1055.56504851,6.96183149354
249.086439216,1057.7809491,6.96392854854
249.385821955,1059.99696721,6.96602132598
249.685204695,1062.21310622,6.96810984666
249.984587434,1064.42935899,6.97019412139
250.283970174,1066.64571636,6.97227415901
250.583352913,1068.86218049,6.97434997894
250.882735653,1071.07875772,6.97642160437
251.182118392,1073.29545442,6.97848905834
251.481501132,1075.51227338,6.98055236044
251.780883871,1077.72921229,6.98261152538
252.08026661,1079.94626937,6.98466656829
252.37964935,1082.16344294,6.98671750432
252.679032089,1084.38073763,6.98876435431
252.978414829,1086.5981522,6.99080713358
253.277797568,1088.81567645,6.99284584915
253.577180308,1091.03330775,6.99488051493
253.876563047,1093.25105169,6.99691115227
254.175945787,1095.46891418,6.99893778271
254.475328526,1097.68690024,7.0009604268
254.774711265,1099.90500156,7.00297909284
255.074094005,1102.12321821,7.00499379672
255.373476744,1104.34156978,7.0070045719
255.672859484,1106.56005032,7.00901142853
255.972242223,1108.77864544,7.01101436909
256.271624963,1110.99734608,7.01301340087
256.571007702,1113.21614866,7.01500853607
256.870390442,1115.4350523,7.01699978923
257.169773181,1117.65406233,7.01898718037
257.46915592,1119.87318809,7.02097073296
257.76853866,1122.09244371,7.02295047458
258.067921399,1124.31183057,7.02492642131
258.367304139,1126.53132945,7.0268985708
258.666686878,1128.75094836,7.02886694491
258.966069618,1130.97069025,7.03083156088
259.265452357,1133.1905491,7.03279242791
259.564835097,1135.41052333,7.03474955909
259.864217836,1137.6306143,7.03670296999
260.163600575,1139.85082845,7.03865268059
260.462983315,1142.07115965,7.0405986997
260.762366054,1144.29161072,7.04254104394
261.061748794,1146.512191,7.04447973547
261.361131533,1148.73287478,7.04641476586
261.660514273,1150.95368987,7.04834617322
261.959897012,1153.17463846,7.0502739732
262.259279752,1155.39570123,7.05219816275
262.558662491,1157.61687327,7.05411875129
262.85804523,1159.83815606,7.05603575373
263.15742797,1162.05955111,7.0579491849
263.456810709,1164.28105992,7.05985905956
263.756193449,1166.5026841,7.06176539244
264.055576188,1168.72443436,7.06366820602
264.354958928,1170.94632425,7.06556752501
264.654341667,1173.16832168,7.0674633351
264.953724406,1175.39044165,7.06935566215
265.253107146,1177.61268449,7.07124451939
265.552489885,1179.83505088,7.0731299203
265.851872625,1182.05754084,7.07501187769
266.151255364,1184.28015418,7.07689040416
266.450638104,1186.50289072,7.07876551221
266.750020843,1188.72575053,7.08063721452
267.049403583,1190.94873522,7.08250552496
267.348786322,1193.17184442,7.08437045566
267.648169061,1195.39507342,7.0862320151
267.947551801,1197.6184232,7.08809021642
268.24693454,1199.84189888,7.08994507616
268.54631728,1202.06550025,7.09179660633
268.845700019,1204.28922704,7.09364481882
269.145082759,1206.51307898,7.09548972544
269.444465498,1208.7370558,7.09733133796
269.743848238,1210.96115721,7.09916966807
270.043230977,1213.18538296,7.10100472741
270.342613716,1215.40973587,7.1028365301
270.641996456,1217.63421851,7.10466508996
270.941379195,1219.85874013,7.10649034424
271.240761935,1222.08337985,7.10831236968
271.540144674,1224.30814555,7.11013118429
271.839527414,1226.5330396,7.11194680146
272.138910153,1228.75806284,7.11375923326
272.438292893,1230.98321355,7.11556848966
272.737675632,1233.20849045,7.11737458088
273.037058371,1235.43389443,7.11917751888
273.336441111,1237.6594269,7.12097731596
273.63582385,1239.88508925,7.12277398435
273.93520659,1242.11085493,7.12456751369
274.234589329,1244.3366684,7.12635787045
274.533972069,1246.56261428,7.12814513378
274.833354808,1248.78869156,7.12992931372
275.132737548,1251.01489857,7.13171041972
275.432120287,1253.24123432,7.13348846176
275.731503026,1255.46770028,7.13526345168
276.030885766,1257.69429706,7.13703540062
276.330268505,1259.92102461,7.1388043191
276.629651245,1262.14788321,7.14057021786
276.929033984,1264.37487295,7.14233310744
277.228416724,1266.60199609,7.14409300003
277.527799463,1268.82925196,7.14584990544
277.827182203,1271.05663979,7.14760383337
278.126564942,1273.28415986,7.14935479428
278.425947681,1275.51181244,7.15110279856
278.725330421,1277.7395978,7.15284785658
279.02471316,1279.96751602,7.15458997848
279.3240959,1282.19556712,7.1563291743
279.623478639,1284.42375137,7.15806545423
279.922861379,1286.65207026,7.15979882937
280.222244118,1288.88052191,7.16152930812
280.521626857,1291.1090771,7.16325687768
280.821009597,1293.33776627,7.16498157147
281.120392336,1295.56658914,7.16670339902
281.419775076,1297.79554646,7.16842237057
281.719157815,1300.02463897,7.17013849633
282.018540555,1302.25386721,7.17185178626
282.317923294,1304.48323124,7.17356224994
282.617306034,1306.71273112,7.1752698969
282.916688773,1308.94236721,7.17697473684
283.216071512,1311.17213923,7.17867677891
283.515454252,1313.40205424,7.18037603782
283.814836991,1315.63211669,7.18207252621
284.114219731,1317.86231654,7.18376624567
284.41360247,1320.09265402,7.18545720556
284.71298521,1322.32312871,7.18714541468
285.012367949,1324.55374068,7.1888308822
285.311750689,1326.78449025,7.19051361741
285.611133428,1329.01537793,7.1921936297
285.910516167,1331.24640454,7.19387092864
286.209898907,1333.47757106,7.19554552388
286.509281646,1335.70887862,7.19721742513
286.808664386,1337.94032175,7.19888663711
287.108047125,1340.1719048,7.20055317188
287.407429865,1342.40362785,7.20221703822
287.706812604,1344.63549107,7.20387824495
288.006195344,1346.86749464,7.20553680085
288.305578083,1349.09963877,7.20719271469
288.604960822,1351.33192378,7.20884599526
288.904343562,1353.56434996,7.2104966513
289.203726301,1355.79691755,7.21214469147
289.503109041,1358.02962684,7.21379012441
289.80249178,1360.26247737,7.21543295817
290.10187452,1362.4954649,7.21707319802
290.401257259,1364.72859486,7.21871085625
290.700639999,1366.96186744,7.22034594126
291.000022738,1369.19528306,7.22197846161
291.299405477,1371.42884215,7.2236084258
291.598788217,1373.66254465,7.22523584193
291.898170956,1375.89639074,7.22686071823
292.197553696,1378.13038104,7.22848306324
292.496936435,1380.36451581,7.23010288516
292.796319175,1382.59879503,7.23172019199
293.095701914,1384.83321465,7.23333498874
293.395084654,1387.06777453,7.23494728324
293.694467393,1389.30247976,7.23655708705
293.993850132,1391.53733064,7.23816440823
294.293232872,1393.77232755,7.23976925485
294.592615611,1396.0074708,7.24137163488
294.891998351,1398.24276037,7.24297155605
295.19138109,1400.47819665,7.24456902632
295.49076383,1402.71378011,7.24616405366
295.790146569,1404.94951085,7.24775664579
296.089529308,1407.18538916,7.24934681045
296.388912048,1409.42141919,7.25093455816
296.688294787,1411.65759628,7.2525198931
296.987677527,1413.89391963,7.25410282217
297.287060266,1416.13039095,7.25568335402
297.586443006,1418.36701191,7.25726149724
297.885825745,1420.60378382,7.25883726009
298.185208485,1422.84070723,7.26041065032
298.484591224,1425.07778268,7.26198167555
298.783973963,1427.31501037,7.2635503432
299.083356703,1429.55239001,7.26511666027
299.382739442,1431.78992203,7.26668063427
299.682122182,1434.02761045,7.26824227512
299.981504921,1436.26545005,7.26980158632
300.280887661,1438.50344117,7.27135857518
300.5802704,1440.74158412,7.27291324898
300.87965314,1442.97987916,7.27446561492
301.179035879,1445.21832655,7.27601568017
301.478418618,1447.45692656,7.27756345188
301.777801358,1449.69567945,7.27910893715
302.077184097,1451.93458549,7.28065214305
302.376566837,1454.173645,7.28219307668
302.675949576,1456.41285896,7.28373174554
302.975332316,1458.65222736,7.28526815641
303.274715055,1460.89174942,7.28680231552
303.574097795,1463.13142564,7.28833422996
303.873480534,1465.37125664,7.28986390685
304.172863273,1467.61124343,7.29139135355
304.472246013,1469.85138649,7.29291657704
304.771628752,1472.0916857,7.29443958383
305.071011492,1474.3321409,7.2959603804
305.370394231,1476.57275202,7.29747897326
305.669776971,1478.81351983,7.29899536945
305.96915971,1481.05444842,7.30050957822
306.26854245,1483.29553504,7.30202160417
306.567925189,1485.53677994,7.3035314539
306.867307928,1487.778183,7.30503913372
307.166690668,1490.01974409,7.30654464992
307.466073407,1492.2614631,7.30804800878
307.765456147,1494.5033399,7.30954921652
308.064838886,1496.74537441,7.31104827938
308.364221626,1498.9875679,7.31254520447
308.663604365,1501.22992227,7.3140399993
308.962987105,1503.4724383,7.31553267057
309.262369844,1505.71511607,7.31702322451
309.561752583,1507.95795434,7.31851166644
309.861135323,1510.20095343,7.3199980027
310.160518062,1512.44411369,7.32148223959
310.459900802,1514.68743545,7.32296438343
310.759283541,1516.93091907,7.32444444046
311.058666281,1519.1745649,7.32592241693
311.35804902,1521.41837327,7.32739831905
311.657431759,1523.66234455,7.328872153
311.956814499,1525.90647875,7.33034392474
312.256197238,1528.15077806,7.3318136416
312.555579978,1530.39524251,7.33328130946
312.854962717,1532.63987165,7.33474693389
313.154345457,1534.88466508,7.33621052044
313.453728196,1537.12962242,7.33767207467
313.753110936,1539.37474327,7.3391316021
314.052493675,1541.62002758,7.34058910844
314.351876414,1543.86547813,7.34204460122
314.651259154,1546.11109885,7.34349808869
314.950641893,1548.35688651,7.34494957442
315.250024633,1550.60283214,7.34639905827
315.549407372,1552.84895555,7.34784655863
315.848790112,1555.09524573,7.34929207401
316.148172851,1557.34170321,7.35073561032
316.447555591,1559.58832844,7.35217717339
316.74693833,1561.83512181,7.35361676901
317.046321069,1564.0820837,7.35505440291
317.345703809,1566.32921405,7.35649008054
317.645086548,1568.57651321,7.35792380758
317.944469288,1570.8239817,7.35935558978
318.243852027,1573.07161979,7.36078543272
318.543234767,1575.31942473,7.36221334005
318.842617506,1577.56739588,7.36363931672
319.142000246,1579.81553728,7.36506337065
319.441382985,1582.06384944,7.36648550746
319.740765724,1584.31233271,7.36790573268
320.040148464,1586.56098749,7.36932405182
320.339531203,1588.80981425,7.37074047042
320.638913943,1591.0588133,7.37215499391
320.938296682,1593.30798475,7.37356762754
321.237679422,1595.55732894,7.37497837672
321.537062161,1597.80684628,7.37638724685
321.836444901,1600.05654169,7.37779424616
322.13582764,1602.30641222,7.37919937789
322.435210379,1604.55645688,7.38060264652
322.734593119,1606.80667604,7.38200405734
323.033975858,1609.05706999,7.38340361559
323.333358598,1611.30763884,7.38480132636
323.632741337,1613.5583831,7.38619719497
323.932124077,1615.80930308,7.3875912266
324.231506816,1618.06039907,7.38898342638
324.530889556,1620.3116716,7.3903737996
324.830272295,1622.56312079,7.39176235124
325.129655034,1624.81474652,7.39314908612
325.429037774,1627.06654988,7.39453400981
325.728420513,1629.31853065,7.39591712703
326.027803253,1631.5706888,7.39729844259
326.327185992,1633.82302531,7.39867796191
326.626568732,1636.07554098,7.40005569029
326.925951471,1638.32823641,7.40143163287
327.22533421,1640.58111167,7.40280579444
327.52471695,1642.83416631,7.40417817948
327.824099689,1645.08740045,7.40554879276
328.123482429,1647.34081535,7.40691763976
328.422865168,1649.59441131,7.40828472535
328.722247908,1651.8481885,7.40965005428
329.021630647,1654.10214685,7.41101363114
329.321013387,1656.35628651,7.41237546066
329.620396126,1658.61060827,7.41373554791
329.919778865,1660.86511293,7.41509389796
330.219161605,1663.11980093,7.41645051564
330.518544344,1665.3746717,7.41780540515
330.817927084,1667.62972556,7.4191585712
331.117309823,1669.88496323,7.42051001874
331.416692563,1672.14038529,7.42185975262
331.716075302,1674.39599187,7.42320777736
332.015458042,1676.65178316,7.42455409754
332.314840781,1678.90775934,7.42589871771
332.61422352,1681.16392117,7.42724164274
332.91360626,1683.42026932,7.42858287741
333.212988999,1685.67680363,7.42992242601
333.512371739,1687.93352402,7.43126029288
333.811754478,1690.19043125,7.43259648278
334.111137218,1692.44752585,7.43393100037
334.410519957,1694.70480812,7.43526385015
334.709902697,1696.96227877,7.4365950368
335.009285436,1699.21993753,7.43792456446
335.308668175,1701.47778472,7.43925243756
335.608050915,1703.73582093,7.44057866071
335.907433654,1705.99404648,7.44190323829
336.206816394,1708.25246171,7.44322617473
336.506199133,1710.51106707,7.44454747448
336.805581873,1712.76986276,7.44586714181
337.104964612,1715.028849,7.44718518103
337.404347352,1717.28802632,7.44850159658
337.703730091,1719.54739513,7.44981639281
338.00311283,1721.80695523,7.45112957372
338.30249557,1724.06670677,7.4524411435
338.601878309,1726.32665096,7.4537511069
338.901261049,1728.58678888,7.45505946862
339.200643788,1730.84712089,7.4563662329
339.500026528,1733.10764694,7.45767140374
339.799409267,1735.36836673,7.45897498496
340.098792007,1737.62927982,7.46027698032
340.398174746,1739.89038725,7.46157739439
340.697557485,1742.15168977,7.46287623156
340.996940225,1744.4131874,7.46417349579
341.296322964,1746.67488038,7.46546919114
341.595705704,1748.93676923,7.46676332184
341.895088443,1751.19885475,7.46805589223
342.194471183,1753.46113762,7.46934690659
342.493853922,1755.72361771,7.4706363687
342.793236661,1757.98629481,7.47192428231
343.092619401,1760.24916964,7.47321065167
343.39200214,1762.51224278,7.47449548092
343.69138488,1764.77551454,7.47577877405
343.990767619,1767.03898558,7.47706053522
344.290150359,1769.30265642,7.47834076851
344.589533098,1771.56652681,7.47961947754
344.888915838,1773.83059759,7.48089666654
345.188298577,1776.09486953,7.48217233965
345.487681316,1778.35934221,7.48344650038
345.787064056,1780.62401526,7.48471915222
346.086446795,1782.88888923,7.48599029917
346.385829535,1785.15396479,7.48725994528
346.685212274,1787.4192426,7.48852809458
346.984595014,1789.68472358,7.48979475124
347.283977753,1791.95040718,7.49105991859
347.583360493,1794.21629403,7.49232360059
347.882743232,1796.4823846,7.49358580111
348.182125971,1798.74867909,7.49484652385
348.481508711,1801.01517803,7.4961057727
348.78089145,1803.28188203,7.49736355154
349.08027419,1805.54879151,7.49861986417
349.379656929,1807.81590635,7.49987471406
349.679039669,1810.08322691,7.50112810492
349.978422408,1812.35075373,7.50238004057
350.277805148,1814.61848735,7.5036305248
350.577187887,1816.8864276,7.50487956099
350.876570626,1819.15457534,7.5061271531
351.175953366,1821.42293096,7.5073733048
351.475336105,1823.69149435,7.50861801946
351.774718845,1825.96026611,7.50986130085
352.074101584,1828.22924706,7.51110315283
352.373484324,1830.498438,7.51234357924
352.672867063,1832.76783902,7.51358258353
352.972249803,1835.0374495,7.51482016873
353.271632542,1837.30727042,7.51605633874
353.571015281,1839.57730085,7.51729109642
353.870398021,1841.84754265,7.5185244461
354.16978076,1844.11799815,7.51975639239
354.4691635,1846.38866577,7.52098693774
354.768546239,1848.65954411,7.5222160847
355.067928979,1850.93063352,7.52344383673
355.367311718,1853.20193488,7.52467019762
355.666694458,1855.47344914,7.52589517112
355.966077197,1857.74517717,7.52711876098
356.265459936,1860.01711991,7.52834097092
356.564842676,1862.28927833,7.5295618047
356.864225415,1864.561658,7.53078126853
357.163608155,1866.83425409,7.531999363
357.462990894,1869.10706602,7.53321609101
357.762373634,1871.38009394,7.5344314558
358.061756373,1873.65333805,7.53564546066
358.361139113,1875.92679936,7.53685810928
358.660521852,1878.20047839,7.53806940508
358.959904591,1880.47437513,7.53927935119
359.259287331,1882.74848998,7.54048795095
359.55867007,1885.02282356,7.5416952078
359.85805281,1887.29737555,7.54290112466
360.157435549,1889.57214525,7.54410570425
360.456818289,1891.84713457,7.54530895066
360.756201028,1894.12234408,7.54651086726
361.055583767,1896.39777437,7.54771145742
361.354966507,1898.67342582,7.54891072437
361.654349246,1900.9492983,7.55010867106
361.953731986,1903.22539238,7.55130530084
362.253114725,1905.50170882,7.5525006171
362.552497465,1907.77824775,7.5536946229
362.851880204,1910.0550093,7.55488732131
363.151262944,1912.33198676,7.55607871178
363.450645683,1914.60918345,7.55726879904
363.750028422,1916.88660411,7.55845758851
364.049411162,1919.1642491,7.55964508333
364.348793901,1921.44211884,7.56083128665
364.648176641,1923.72021382,7.56201620164
364.94755938,1925.99853478,7.5631998316
365.24694212,1928.27708122,7.56438217917
365.546324859,1930.55585343,7.56556324739
365.845707599,1932.8348576,7.56674304234
366.145090338,1935.11408266,7.56792156117
366.444473077,1937.39353296,7.56909880899
366.743855817,1939.67321115,7.57027479001
367.043238556,1941.95311797,7.57144950745
367.342621296,1944.2332538,7.57262296435
367.642004035,1946.51361895,7.57379516366
367.941386775,1948.79421374,7.57496610837
368.240769514,1951.07503873,7.57613580156
368.540152254,1953.35609426,7.57730424619
368.839534993,1955.63738065,7.57847144519
369.138917732,1957.91889845,7.57963740162
369.438300472,1960.20064705,7.58080211793
369.737683211,1962.48262599,7.58196559662
370.037065951,1964.76483728,7.58312784146
370.33644869,1967.04728153,7.58428885548
370.63583143,1969.32995938,7.58544864174
370.935214169,1971.61287147,7.58660720325
371.234596909,1973.89601812,7.58776454288
371.533979648,1976.17939893,7.58892066312
371.833362387,1978.46301465,7.59007556702
372.132745127,1980.74686577,7.5912292575
372.432127866,1983.03095275,7.59238173745
372.731510606,1985.31527981,7.59353301165
373.030893345,1987.59984494,7.59468308171
373.330276085,1989.88464712,7.59583194977
373.629658824,1992.16968677,7.59697961864
373.929041564,1994.45496437,7.59812609118
374.228424303,1996.74048042,7.59927137025
374.527807042,1999.0262354,7.60041545868
374.827189782,2001.31222961,7.6015583592
375.126572521,2003.59846335,7.60270007454
375.425955261,2005.88493682,7.60384060737
375.725338,2008.17165066,7.60497996055
376.02472074,2010.45860423,7.60611813634
376.324103479,2012.74579888,7.60725513792
376.623486218,2015.03323514,7.60839096811
376.922868958,2017.32091348,7.60952562965
377.222251697,2019.6088344,7.61065912531
377.521634437,2021.8969984,7.61179145783
377.821017176,2024.18540595,7.61292262994
378.120399916,2026.47405756,7.61405264439
378.419782655,2028.76295371,7.61518150388
378.719165395,2031.05209491,7.61630921113
379.018548134,2033.34147716,7.61743576665
379.317930873,2035.63109978,7.61856117254
379.617313613,2037.92096944,7.61968543454
379.916696352,2040.21108584,7.62080855493
380.216079092,2042.50144858,7.62193053595
380.515461831,2044.7920576,7.62305137998
380.814844571,2047.08291371,7.62417108983
381.11422731,2049.37401848,7.62528966866
381.41361005,2051.66537256,7.62640711919
381.712992789,2053.95697528,7.62752344347
382.012375528,2056.24882724,7.62863864418
382.311758268,2058.54093042,7.62975272463
382.611141007,2060.83328304,7.63086568632
382.910523747,2063.1258857,7.63197753191
383.209906486,2065.41874001,7.6330882645
383.509289226,2067.71184707,7.63419788698
383.808671965,2070.00520761,7.63530640201
384.108054705,2072.29882126,7.63641381174
384.407437444,2074.59268679,7.63752011787
384.706820183,2076.88680384,7.63862532255
385.006202923,2079.18117455,7.6397294291
385.305585662,2081.47579609,7.64083243846
385.604968402,2083.77066066,7.64193434915
385.904351141,2086.06578062,7.64303516939
386.203733881,2088.36115572,7.64413490135
386.50311662,2090.65678587,7.6452335472
386.80249936,2092.95267152,7.64633110944
387.101882099,2095.24881319,7.64742759055
387.401264838,2097.54521141,7.64852299301
387.700647578,2099.84186668,7.6496173193
388.000030317,2102.13878042,7.65071057229
388.299413057,2104.43595362,7.65180275468
388.598795796,2106.73340221,7.65289387623
388.898178536,2109.03112053,7.65398393643
389.197561275,2111.32909715,7.65507293203
389.496944015,2113.62733331,7.6561608658
389.796326754,2115.92583024,7.65724774049
390.095709493,2118.2245888,7.65833355869
390.395092233,2120.52360961,7.65941832283
390.694474972,2122.82289302,7.66050203525
390.993857712,2125.12243936,7.66158469822
391.293240451,2127.42224923,7.66266631418
391.592623191,2129.72232286,7.66374688535
391.89200593,2132.0226549,7.66482641135
392.191388669,2134.32324939,7.66590489621
392.490771409,2136.62410816,7.66698234287
392.790154148,2138.92523331,7.66805875443
393.089536888,2141.22662556,7.66913413332
393.388919627,2143.52828503,7.67020848167
393.688302367,2145.83021183,7.67128180162
393.987685106,2148.13240608,7.67235409529
394.287067846,2150.43486789,7.6734253648
394.586450585,2152.73759816,7.67449561263
394.885833324,2155.04059761,7.67556484116
395.185216064,2157.34387239,7.67663305528
395.484598803,2159.64741657,7.67770025429
395.783981543,2161.95123055,7.67876644038
396.083364282,2164.2553147,7.67983161577
396.382747022,2166.55966944,7.68089578266
396.682129761,2168.8642952,7.68195894326
396.981512501,2171.16919244,7.68302109979
397.28089524,2173.47436158,7.68408225445
397.580277979,2175.77980307,7.68514240941
397.879660719,2178.08551801,7.68620156719
398.179043458,2180.39148285,7.68725971895
398.478426198,2182.6977129,7.68831687371
398.777808937,2185.00421815,7.68937303803
399.077191677,2187.31099755,7.69042821338
399.376574416,2189.61805097,7.69148240165
399.675957156,2191.92537899,7.69253560506
399.975339895,2194.23298215,7.69358782579
400.274722634,2196.54086104,7.69463906604
400.574105374,2198.84901622,7.695689328
400.873488113,2201.15744862,7.69673861401
401.172870853,2203.46615997,7.69778692676
401.472253592,2205.77513052,7.69883425922
401.771636332,2208.0843812,7.69988062279
402.071019071,2210.39391165,7.70092601919
402.370401811,2212.70372111,7.70197044998
402.66978455,2215.01380953,7.70301391701
402.969167289,2217.32417765,7.70405642249
403.268550029,2219.63482649,7.70509796876
403.567932768,2221.94575787,7.7061385585
403.867315508,2224.25697254,7.7071781939
404.166698247,2226.56847001,7.7082168766
404.466080987,2228.88024256,7.70925460496
404.765463726,2231.19229044,7.71029138096
405.064846466,2233.50462229,7.71132721032
405.364229205,2235.81723733,7.7123620945
405.663611944,2238.13013556,7.71339603533
405.962994684,2240.44331835,7.71442903525
406.262377423,2242.7567872,7.71546109672
406.561760163,2245.0705436,7.71649222222
406.861142902,2247.38458901,7.7175224142
407.160525642,2249.6989228,7.71855167416
407.459908381,2252.01354179,7.71958000247
407.75929112,2254.32841805,7.72060738853
408.05867386,2256.64357506,7.72163384457
408.358056599,2258.95902125,7.72265937608
408.657439339,2261.27475727,7.72368398514
408.956822078,2263.59078364,7.72470767371
409.256204818,2265.90710075,7.72573044372
409.555587557,2268.22370899,7.7267522971
409.854970297,2270.54060874,7.72777323575
410.154353036,2272.85780041,7.72879326158
410.453735775,2275.17528466,7.72981237662
410.753118515,2277.49305866,7.73083058134
411.052501254,2279.8111117,7.73184787277
411.351883994,2282.12945876,7.73286425921
411.651266733,2284.44809938,7.73387974216
411.950649473,2286.76703349,7.73489432328
412.250032212,2289.08626221,7.73590800479
412.549414952,2291.40578687,7.73692078893
412.848797691,2293.72560881,7.73793267799
413.14818043,2296.04572933,7.7389436742
413.44756317,2298.36614748,7.73995377882
413.746945909,2300.68686311,7.74096299347
414.046328649,2303.00786471,7.7419713148
414.345711388,2305.32915581,7.74297874602
414.645094128,2307.65074639,7.74398529312
414.944476867,2309.97263692,7.74499095796
415.243859607,2312.29482792,7.74599574239
415.543242346,2314.61731983,7.74699964825
415.842625085,2316.94011304,7.74800267733
416.142007825,2319.26320797,7.74900483145
416.441390564,2321.586605,7.75000611239
416.740773304,2323.91030473,7.75100652202
417.040156043,2326.23430815,7.75200606238
417.339538783,2328.55861305,7.75300473412
417.638921522,2330.88322211,7.75400254002
417.938304262,2333.20813593,7.7549994819
418.237687001,2335.53335503,7.75599556159
418.53706974,2337.85887991,7.75699078089
418.83645248,2340.18471106,7.75798514159
419.135835219,2342.51084911,7.75897864553
419.435217959,2344.83729447,7.75997129445
419.734600698,2347.16404749,7.76096309008
420.033983438,2349.49110857,7.76195403414
420.333366177,2351.81847158,7.76294412559
420.632748917,2354.1461283,7.76393336249
420.932131656,2356.47409601,7.76492175373
421.231514395,2358.80237431,7.7659093007
421.530897135,2361.13096271,7.76689600472
421.830279874,2363.45986137,7.76788186738
422.129662614,2365.78907043,7.76886689028
422.429045353,2368.11859008,7.76985107502
422.728428093,2370.44842049,7.77083442319
423.027810832,2372.77856327,7.77181693698
423.327193571,2375.10902182,7.77279861934
423.626576311,2377.43978971,7.77377946905
423.92595905,2379.77086953,7.77475948873
424.22534179,2382.10226565,7.77573868168
424.524724529,2384.43397709,7.77671704899
424.824107269,2386.76600344,7.77769459197
425.123490008,2389.09834476,7.77867131214
425.422872748,2391.43100241,7.77964721153
425.722255487,2393.76397857,7.78062229252
426.021638226,2396.09727504,7.78159655734
426.321020966,2398.43089034,7.78257000683
426.620403705,2400.76482382,7.78354264216
426.919786445,2403.09903645,7.78451444856
427.219169184,2405.4335692,7.78548544455
427.518551924,2407.76842203,7.78645563155
427.817934663,2410.10359571,7.78742501133
428.117317403,2412.43909165,7.78839358591
428.416700142,2414.77491126,7.7893613573
428.716082881,2417.11105454,7.79032832691
429.015465621,2419.44752044,7.79129449575
429.31484836,2421.78430942,7.79225986541
429.6142311,2424.12142361,7.79322443818
429.913613839,2426.45886512,7.79418821635
430.212996579,2428.79663759,7.79515120281
430.512379318,2431.13473652,7.7961133971
430.811762058,2433.47316162,7.7970748005
431.111144797,2435.81191304,7.79803541445
431.410527536,2438.15099114,7.7989952405
431.709910276,2440.49039629,7.79995428018
432.009293015,2442.83012888,7.80091253502
432.308675755,2445.17019064,7.80187000711
432.608058494,2447.51058416,7.80282669887
432.907441234,2449.8513081,7.80378261112
433.206823973,2452.19234415,7.80473773776
433.506206713,2454.53370587,7.80569208568
433.805589452,2456.87539893,7.80664565855
434.104972191,2459.21742375,7.80759845789
434.404354931,2461.55978086,7.80855048526
434.70373767,2463.90247081,7.80950174222
435.00312041,2466.24549413,7.81045223032
435.302503149,2468.58885224,7.81140195148
435.601885889,2470.93254639,7.81235090752
435.901268628,2473.2765759,7.81329909948
436.200651368,2475.62093952,7.81424652819
436.500034107,2477.9656358,7.81519319438
436.799416846,2480.31066914,7.81613910113
437.098799586,2482.6560398,7.81708424986
437.398182325,2485.00174802,7.81802864196
437.697565065,2487.34779407,7.81897227885
437.996947804,2489.69417824,7.81991516193
438.296330544,2492.04090153,7.82085729291
438.595713283,2494.38796644,7.82179867406
438.895096022,2496.7353731,7.82273930673
439.194478762,2499.08312062,7.82367919183
439.493861501,2501.43122082,7.82461833537
439.793244241,2503.77967517,7.8255567392
440.09262698,2506.12847308,7.82649440033
440.39200972,2508.47761456,7.82743132005
440.691392459,2510.82709989,7.82836749972
440.990775199,2513.1769294,7.82930294072
441.290157938,2515.52710396,7.83023764465
441.589540677,2517.87762396,7.83117161293
441.888923417,2520.2284899,7.83210484699
442.188306156,2522.5797026,7.8330373484
442.487688896,2524.93126245,7.83396911855
442.787071635,2527.28317175,7.83490015958
443.086454375,2529.63543,7.83583047252
443.385837114,2531.98803714,7.83676005859
443.685219854,2534.34099325,7.83768891901
443.984602593,2536.6942984,7.83861705506
444.283985332,2539.04795369,7.83954446837
444.583368072,2541.40196063,7.84047116075
444.882750811,2543.75631937,7.84139713346
445.182133551,2546.11103006,7.84232238778
445.48151629,2548.46609312,7.84324692505
445.78089903,2550.82151173,7.84417074773
446.080281769,2553.17729114,7.84509385907
446.379664509,2555.53342452,7.84601625757
446.679047248,2557.88991266,7.84693794472
446.978429987,2560.24675699,7.84785892228
447.277812727,2562.60395832,7.84877919172
447.577195466,2564.96151592,7.84969875395
447.876578206,2567.31942952,7.85061761003
448.175960945,2569.67770031,7.85153576159
448.475343685,2572.03632912,7.85245321011
448.774726424,2574.39531692,7.85336995714
449.074109164,2576.75466375,7.85428600385
449.373491903,2579.1143706,7.85520135178
449.672874642,2581.47443786,7.85611600222
449.972257382,2583.8348656,7.85702995636
450.271640121,2586.195654,7.8579432154
450.571022861,2588.55680453,7.85885578106
450.8704056,2590.91831803,7.8597676548
451.16978834,2593.28019417,7.86067883761
451.469171079,2595.64243384,7.86158933099
451.768553819,2598.00503837,7.86249913655
452.067936558,2600.36800769,7.86340825541
452.367319297,2602.7313295,7.86431668395
452.666702037,2605.09501673,7.86522442828
452.966084776,2607.45907044,7.86613148989
453.265467516,2609.82349086,7.86703787001
453.564850255,2612.18827892,7.86794357008
453.864232995,2614.55343468,7.86884859124
454.163615734,2616.91895901,7.86975293492
454.462998473,2619.28485322,7.87065660271
454.762381213,2621.65111739,7.87155959574
455.061763952,2624.01775148,7.87246191509
455.361146692,2626.38475437,7.87336356141
455.660529431,2628.75212354,7.87426453483
455.959912171,2631.11986177,7.8751648375
456.25929491,2633.48797254,7.87606447181
456.55867765,2635.85645858,7.87696343988
456.858060389,2638.22532029,7.87786174293
457.157443128,2640.59455772,7.87875938204
457.456825868,2642.96417092,7.8796563583
457.756208607,2645.33415997,7.88055267279
458.055591347,2647.70452478,7.88144832653
458.354974086,2650.07526371,7.88234331998
458.654356826,2652.44637872,7.88323765491
458.953739565,2654.81787094,7.88413133281
459.253122305,2657.18974104,7.88502435497
459.552505044,2659.56198986,7.88591672275
459.851887783,2661.93461825,7.88680843752
460.151270523,2664.30762706,7.88769950062
460.450653262,2666.68101712,7.8885899134
460.750036002,2669.05478896,7.88947967709
461.049418741,2671.42894162,7.89036879236
461.348801481,2673.80347586,7.89125726052
461.64818422,2676.17839328,7.89214508318
461.94756696,2678.55369556,7.893032262
462.246949699,2680.92938198,7.89391879771
462.546332438,2683.30545274,7.89480469141
462.845715178,2685.68190871,7.89568994442
463.145097917,2688.05875078,7.89657455809
463.444480657,2690.43597874,7.89745853334
463.743863396,2692.8135934,7.89834187148
464.043246136,2695.19159602,7.89922457396
464.342628875,2697.56998667,7.90010664181
464.642011615,2699.94876574,7.90098807616
464.941394354,2702.32793275,7.90186887783
465.240777093,2704.70748939,7.90274904843
465.540159833,2707.08743874,7.90362859007
465.839542572,2709.46777864,7.90450750294
466.138925312,2711.84850718,7.90538578731
466.438308051,2714.22962515,7.90626344446
466.737690791,2716.61113474,7.90714047616
467.03707353,2718.99303816,7.90801688419
467.33645627,2721.37533759,7.90889267032
467.635839009,2723.75803434,7.90976783599
467.935221748,2726.14112532,7.91064238103
468.234604488,2728.52461123,7.91151630664
468.533987227,2730.90849279,7.91238961406
468.833369967,2733.29277153,7.91326230479
469.132752706,2735.67744928,7.91413438045
469.432135446,2738.06252667,7.91500584221
469.731518185,2740.44800199,7.91587669039
470.030900925,2742.83387504,7.91674692587
470.330283664,2745.22014639,7.91761654978
470.629666403,2747.60681703,7.91848556342
470.929049143,2749.99388871,7.91935396837
471.228431882,2752.38136365,7.92022176636
471.527814622,2754.76924221,7.92108895844
471.827197361,2757.15752536,7.9219555459
472.126580101,2759.54621129,7.92282152899
472.42596284,2761.93529887,7.92368690823
472.725345579,2764.32478947,7.92455168503
473.024728319,2766.71468489,7.92541586095
473.324111058,2769.10498692,7.92627943756
473.623493798,2771.49569715,7.92714241632
473.922876537,2773.8868145,7.92800479777
474.222259277,2776.2783387,7.9288665827
474.521642016,2778.67026887,7.9297277717
474.821024756,2781.0626074,7.93058836653
475.120407495,2783.45535591,7.93144836866
475.419790234,2785.84851313,7.93230777854
475.719172974,2788.24207987,7.93316659733
476.018555713,2790.63605715,7.9340248263
476.317938453,2793.03044601,7.93488246671
476.617321192,2795.42524786,7.93573951994
476.916703932,2797.82046354,7.93659598717
477.216086671,2800.21609263,7.93745186912
477.515469411,2802.61213585,7.93830716694
477.81485215,2805.00859525,7.93916188221
478.114234889,2807.40547042,7.94001601567
478.413617629,2809.80276105,7.94086956807
478.713000368,2812.20046786,7.94172254052
479.012383108,2814.59859171,7.94257493421
479.311765847,2816.99713394,7.94342675046
479.611148587,2819.39609486,7.94427799024
479.910531326,2821.79547456,7.94512865444
480.209914066,2824.19527395,7.94597874422
480.509296805,2826.59549362,7.94682826066
480.808679544,2828.99613509,7.94767720513
481.108062284,2831.39719999,7.94852557905
481.407445023,2833.79868667,7.94937338268
481.706827763,2836.20059657,7.95022061737
482.006210502,2838.60292989,7.95106728403
482.305593242,2841.00568662,7.95191338348
482.604975981,2843.40886792,7.95275891697
482.904358721,2845.81247512,7.9536038858
483.20374146,2848.21650773,7.95444829062
483.503124199,2850.62096647,7.9552921325
483.802506939,2853.02585255,7.9561354127
484.101889678,2855.43116336,7.95697813113
484.401272418,2857.83689932,7.95782028875
484.700655157,2860.24306339,7.9586618874
485.000037897,2862.64965864,7.95950292899
485.299420636,2865.05668572,7.96034341454
485.598803376,2867.46414459,7.96118334486
485.898186115,2869.87203523,7.96202272073
486.197568854,2872.28035759,7.96286154295
486.496951594,2874.68911137,7.96369981221
486.796334333,2877.09829805,7.96453752983
487.095717073,2879.50791904,7.96537469709
487.395099812,2881.91798219,7.96621131751
487.694482552,2884.32848459,7.96704739088
487.993865291,2886.73942437,7.96788291732
488.29324803,2889.15079968,7.96871789699
488.59263077,2891.56261042,7.96955233063
488.892013509,2893.97485654,7.97038621902
489.191396249,2896.38753801,7.97121956293
489.490778988,2898.80065518,7.97205236325
489.790161728,2901.21421086,7.97288462175
490.089544467,2903.62820836,7.97371634033
490.388927207,2906.04265202,7.97454752125
490.688309946,2908.45753777,7.97537816389
490.987692685,2910.87286251,7.97620826794
491.287075425,2913.28863028,7.97703783557
491.586458164,2915.70484376,7.97786686844
491.885840904,2918.12150329,7.97869536745
492.185223643,2920.53860905,7.97952333341
492.484606383,2922.95616119,7.98035076712
492.783989122,2925.3741599,7.9811776694
493.083371862,2927.79260471,7.98200404085
493.382754601,2930.21149379,7.98282988159
493.68213734,2932.63084042,7.98365519689
493.98152008,2935.05063951,7.98447998578
494.280902819,2937.47088751,7.98530424777
494.580285559,2939.89158322,7.9861279832
494.879668298,2942.3127273,7.98695119303
495.179051038,2944.73432294,7.98777387909
495.478433777,2947.15637246,7.98859604291
495.777816517,2949.57887596,7.98941768523
496.077199256,2952.00183302,7.99023880666
496.376581995,2954.42524249,7.99105940753
496.675964735,2956.84910507,7.99187948881
496.975347474,2959.27342173,7.99269905156
497.274730214,2961.69819398,7.99351809699
497.574112953,2964.1234224,7.99433662603
497.873495693,2966.54910759,7.99515463961
498.172878432,2968.97525019,7.99597213865
498.472261172,2971.4018509,7.99678912411
498.771643911,2973.82891028,7.99760559688
499.07102665,2976.25642927,7.99842155799
499.37040939,2978.68440819,7.99923700826
499.669792129,2981.11284771,8.00005194862
499.969174869,2983.54177031,8.0008663873
500.268557608,2985.97117425,8.00168032442
500.567940348,2988.40104142,8.00249375459
500.867323087,2990.83137169,8.00330667847
501.166705827,2993.26216542,8.00411909687
501.466088566,2995.69342386,8.00493101092
501.765471305,2998.12514849,8.00574242178
502.064854045,3000.55733851,8.0065533299
502.364236784,3002.98999377,8.0073637359
502.663619524,3005.42311616,8.0081736411
502.963002263,3007.8567095,8.00898304747
503.262385003,3010.29078599,8.00979195972
503.561767742,3012.72533343,8.01060037448
503.861150481,3015.16035021,8.0114082919
504.160533221,3017.59583784,8.01221571314
504.45991596,3020.03179797,8.01302263944
504.7592987,3022.46823222,8.013829072
505.058681439,3024.90514058,8.01463501149
505.358064179,3027.34252113,8.01544045793
505.657446918,3029.78037308,8.01624541175
505.956829658,3032.21869967,8.01704987466
506.256212397,3034.65750833,8.01785384979
506.555595136,3037.09680971,8.01865734129
506.854977876,3039.53658761,8.01946034449
507.154360615,3041.97684291,8.02026286034
507.453743355,3044.41757682,8.02106488987
507.753126094,3046.85879058,8.02186643416
508.052508834,3049.30048542,8.02266749426
508.351891573,3051.7426613,8.0234680708
508.651274313,3054.18531654,8.02426816388
508.950657052,3056.62845079,8.02506777404
509.250039791,3059.07206374,8.02586690182
509.549422531,3061.51613084,8.02666553984
509.84880527,3063.96066482,8.02746369292
510.14818801,3066.40568262,8.02826136725
510.447570749,3068.85118508,8.02905856373
510.746953489,3071.29717279,8.02985528319
511.046336228,3073.74364633,8.03065152645
511.345718968,3076.19060627,8.03144729433
511.645101707,3078.63805344,8.03224258773
511.944484446,3081.08598859,8.03303740752
512.243867186,3083.53441223,8.03383175449
512.543249925,3085.98332531,8.03462562957
512.842632665,3088.43274393,8.03541903861
513.142015404,3090.88265461,8.03621197784
513.441398144,3093.3330576,8.03700444797
513.740780883,3095.78395225,8.03779644941
514.040163623,3098.23533793,8.03858798256
514.339546362,3100.68721409,8.03937904787
514.638929101,3103.13958187,8.04016964632
514.938311841,3105.5924441,8.04095977942
515.23769458,3108.04580361,8.0417494487
515.53707732,3110.49966185,8.04253865524
515.836460059,3112.95401588,8.04332739869
516.135842799,3115.40886866,8.0441156806
516.435225538,3117.86421733,8.04490350067
516.734608278,3120.32006398,8.04569086015
517.033991017,3122.77641082,8.04647776036
517.333373756,3125.23325951,8.04726420243
517.632756496,3127.69061033,8.04805018703
517.932139235,3130.14846185,8.04883571431
518.231521975,3132.60681387,8.04962078479
518.530904714,3135.06566899,8.05040539989
518.830287454,3137.52502838,8.05118956058
519.129670193,3139.98489031,8.05197326689
519.429052932,3142.4452553,8.05275651957
519.728435672,3144.90612594,8.05353932002
520.027818411,3147.36750432,8.0543216695
520.327201151,3149.8293912,8.05510356883
520.62658389,3152.29178696,8.0558850187
520.92596663,3154.75469196,8.0566660198
521.225349369,3157.21810657,8.05744657283
521.524732109,3159.68203047,8.05822667825
521.824114848,3162.14646256,8.05900633629
522.123497587,3164.61140668,8.05978554874
522.422880327,3167.0768636,8.06056431641
522.722263066,3169.54283381,8.06134264001
523.021645806,3172.00931767,8.06212052023
523.321028545,3174.47631545,8.06289795771
523.620411285,3176.94382744,8.06367495311
523.919794024,3179.41185393,8.06445150707
524.219176764,3181.88039521,8.06522762026
524.518559503,3184.34945163,8.06600329334
524.817942242,3186.81902606,8.06677852776
525.117324982,3189.28912442,8.06755332594
525.416707721,3191.75974821,8.06832768889
525.716090461,3194.23089648,8.06910161686
526.0154732,3196.70256532,8.06987510917
526.31485594,3199.17475516,8.07064816652
526.614238679,3201.6474668,8.07142078968
526.913621419,3204.12070102,8.07219297946
527.213004158,3206.59445846,8.07296473659
527.512386897,3209.06873981,8.07373606183
527.811769637,3211.54354573,8.07450695592
528.111152376,3214.01887687,8.07527741961
528.410535116,3216.49473499,8.07604745397
528.709917855,3218.971155,8.0768170704
529.009300595,3221.44810957,8.07758626091
529.308683334,3223.92559256,8.07835502413
529.608066074,3226.40360452,8.07912336075
529.907448813,3228.88214606,8.0798912715
530.206831552,3231.36121782,8.0806587571
530.506214292,3233.84082042,8.08142581828
530.805597031,3236.3209545,8.08219245574
531.104979771,3238.80162068,8.08295867021
531.40436251,3241.28281999,8.08372446252
531.70374525,3243.76456426,8.08448983685
532.003127989,3246.24688354,8.08525480296
532.302510729,3248.72973628,8.08601934855
532.601893468,3251.21312305,8.08678347431
532.901276207,3253.6970447,8.08754718102
533.200658947,3256.18150389,8.08831047001
533.500041686,3258.66650267,8.08907334242
533.799424426,3261.15204214,8.08983579909
534.098807165,3263.63812322,8.09059784083
534.398189905,3266.12474536,8.09135946795
534.697572644,3268.61190712,8.09212068053
534.996955383,3271.09961694,8.09288148166
535.296338123,3273.58787558,8.09364187205
535.595720862,3276.07667525,8.09440184984
535.895103602,3278.56601685,8.0951614158
536.194486341,3281.05590161,8.0959205708
536.493869081,3283.54633262,8.09667931627
536.79325182,3286.03731143,8.0974376532
537.09263456,3288.52883896,8.09819558234
537.392017299,3291.02091592,8.09895310442
537.691400038,3293.51354135,8.09971021961
537.990782778,3296.00671373,8.10046692796
538.290165517,3298.50044659,8.10122323405
538.589548257,3300.99473406,8.10197913659
538.888930996,3303.4895759,8.10273463599
539.188313736,3305.98496941,8.10348973191
539.487696475,3308.4809131,8.10424442439
539.787079215,3310.97740679,8.10499871384
540.086461954,3313.4744509,8.10575260089
540.385844693,3315.97204706,8.1065060865
540.685227433,3318.4701979,8.10725917195
540.984610172,3320.96890679,8.10801185873
541.283992912,3323.46815909,8.1087641429
541.583375651,3325.9679406,8.10951602068
541.882758391,3328.46827704,8.11026750029
542.18214113,3330.96917129,8.11101858306
542.48152387,3333.47062579,8.1117692702
542.780906609,3335.97264223,8.11251956268
543.080289348,3338.47522068,8.11326946098
543.379672088,3340.97836114,8.11401896557
543.679054827,3343.48206426,8.11476807712
543.978437567,3345.98633135,8.11551679647
544.277820306,3348.49116301,8.11626512426
544.577203046,3350.99657544,8.11701306579
544.876585785,3353.50256017,8.11776061897
545.175968525,3356.00911162,8.11850778261
545.475351264,3358.51623061,8.11925455739
545.774734003,3361.0239178,8.12000094397
546.074116743,3363.53217392,8.12074694303
546.373499482,3366.04099973,8.12149255523
546.672882222,3368.55039623,8.12223778132
546.972264961,3371.0603631,8.12298262166
547.271647701,3373.57090479,8.12372707801
547.57103044,3376.08201748,8.1244711497
547.87041318,3378.59373219,8.12521484634
548.169795919,3381.10601999,8.1259581598
548.469178658,3383.61888055,8.12670109043
548.768561398,3386.13231606,8.12744363933
549.067944137,3388.64632866,8.12818580755
549.367326877,3391.16092003,8.12892759604
549.666709616,3393.67608937,8.12966900499
549.966092356,3396.19183677,8.13041003487
550.265475095,3398.70816368,8.13115068655
550.564857834,3401.22507111,8.13189096074
550.864240574,3403.74257172,8.13263086161
551.163623313,3406.26066888,8.13337039056
551.463006053,3408.77934869,8.13410954393
551.762388792,3411.29861186,8.13484832238
552.061771532,3413.81845894,8.13558672647
552.361154271,3416.33889048,8.1363247568
552.660537011,3418.85990784,8.1370624142
552.95991975,3421.38151181,8.13779969931
553.259302489,3423.90370269,8.13853661265
553.558685229,3426.42648061,8.13927315468
553.858067968,3428.94984649,8.14000932608
554.157450708,3431.4737681,8.14074511788
554.456833447,3433.99827085,8.14148053792
554.756216187,3436.52336207,8.14221558876
555.055598926,3439.04904389,8.14295027142
555.354981666,3441.57531795,8.14368458681
555.654364405,3444.10218604,8.14441853585
555.953747144,3446.62964982,8.14515211944
556.253129884,3449.15770832,8.1458853377
556.552512623,3451.68636137,8.146618191
556.851895363,3454.21560942,8.14735067987
557.151278102,3456.74545295,8.14808280485
557.450660842,3459.27588632,8.14881456474
557.750043581,3461.80691807,8.14954596239
558.049426321,3464.33854898,8.15027699845
558.34880906,3466.87078008,8.1510076736
558.648191799,3469.40361244,8.15173798856
558.947574539,3471.93704679,8.15246794393
559.246957278,3474.47108317,8.15319754013
559.546340018,3477.00572252,8.15392677783
559.845722757,3479.54096585,8.1546556577
560.145105497,3482.07681371,8.15538418031
560.444488236,3484.61325613,8.15611234319
560.743870976,3487.15029546,8.1568401474
561.043253715,3489.68794129,8.15756759609
561.342636454,3492.22619477,8.15829469
561.642019194,3494.7650576,8.15902142998
561.941401933,3497.30453139,8.15974781688
562.240784673,3499.84461572,8.16047385098
562.540167412,3502.38530937,8.16119953231
562.839550152,3504.92661252,8.16192486131
563.138932891,3507.46852905,8.16264983946
563.438315631,3510.0110598,8.1633744674
563.73769837,3512.55427406,8.16409876521
564.037081109,3515.09810647,8.16482271466
564.336463849,3517.64256013,8.16554631699
564.635846588,3520.18763257,8.16626957188
564.935229328,3522.73332045,8.16699247875
565.234612067,3525.27962036,8.16771503702
565.533994807,3527.82652917,8.16843724618
565.833377546,3530.37405407,8.16915910864
566.132760285,3532.92220831,8.16988062852
566.432143025,3535.47100333,8.17060180943
566.731525764,3538.02042617,8.17132264807
567.030908504,3540.57045743,8.17204313931
567.330291243,3543.12110862,8.17276328679
567.629673983,3545.67238178,8.17348309144
567.929056722,3548.22427871,8.17420255415
568.228439462,3550.77680111,8.17492167575
568.527822201,3553.32995091,8.17564045715
568.82720494,3555.88373041,8.17635889936
569.12658768,3558.43813932,8.17707700267
569.425970419,3560.9931769,8.17779476721
569.725353159,3563.54884251,8.17851219318
570.024735898,3566.10513113,8.17922927952
570.324118638,3568.66204843,8.17994602818
570.623501377,3571.21959801,8.18066244053
570.922884117,3573.7777807,8.18137851715
571.222266856,3576.33659737,8.18209425865
571.521649595,3578.89604883,8.18280966559
571.821032335,3581.45613553,8.18352473847
572.120415074,3584.0168586,8.18423947794
572.419797814,3586.57821935,8.18495388471
572.719180553,3589.14021797,8.1856679592
573.018563293,3591.70285515,8.18638170193
573.317946032,3594.2661356,8.18709511457
573.617328772,3596.83005648,8.18780819668
573.916711511,3599.39461921,8.18852094897
574.21609425,3601.95982443,8.18923337199
574.51547699,3604.52567197,8.18994546602
574.814859729,3607.09216173,8.19065723138
575.114242469,3609.65929572,8.19136866896
575.413625208,3612.22707601,8.19207977967
575.713007948,3614.79550265,8.19279056388
576.012390687,3617.36457562,8.1935010219
576.311773427,3619.93427922,8.19421114974
576.611156166,3622.50459761,8.19492094337
576.910538905,3625.07556895,8.19563041368
577.209921645,3627.6471923,8.19633956072
577.509304384,3630.21946754,8.19704838481
577.808687124,3632.79239478,8.1977568863
578.108069863,3635.36597405,8.19846506552
578.407452603,3637.9402053,8.1991729228
578.706835342,3640.51509022,8.19988045892
579.006218082,3643.09063068,8.20058767473
579.305600821,3645.6668266,8.20129457054
579.60498356,3648.24368643,8.20200114897
579.9043663,3650.82120559,8.2027074091
580.203749039,3653.39938318,8.20341335101
580.503131779,3655.97821982,8.20411897518
580.802514518,3658.55771611,8.20482428209
581.101897258,3661.13787268,8.20552927225
581.401279997,3663.71869041,8.20623394621
581.700662736,3666.30017082,8.2069383047
582.000045476,3668.88231475,8.20764234828
582.299428215,3671.46512338,8.20834607756
582.598810955,3674.04859462,8.20904949231
582.898193694,3676.63272473,8.20975259182
583.197576434,3679.21752038,8.21045537822
583.496959173,3681.80298186,8.21115785191
583.796341913,3684.38911176,8.21186001388
584.095724652,3686.97591291,8.21256186524
584.395107391,3689.56338783,8.21326340695
584.694490131,3692.15153546,8.21396463905
584.99387287,3694.74035228,8.21466556089
585.29325561,3697.32983463,8.21536617179
585.592638349,3699.91998324,8.21606647225
585.892021089,3702.51086941,8.21676648183
586.191403828,3705.10249071,8.21746620016
586.490786568,3707.69478336,8.21816561029
586.790169307,3710.287751,8.21886471351
587.089552046,3712.88139524,8.21956351056
587.388934786,3715.47571717,8.22026200203
587.688317525,3718.0707179,8.22096018851
587.987700265,3720.6663993,8.22165807082
588.287083004,3723.26276215,8.22235564945
588.586465744,3725.85980622,8.22305292464
588.885848483,3728.45753241,8.22374989693
589.185231223,3731.05591652,8.22444656012
589.484613962,3733.65498128,8.2251429206
589.783996701,3736.25473084,8.2258389798
590.083379441,3738.85516575,8.22653473813
590.38276218,3741.45628696,8.22723019616
590.68214492,3744.05809552,8.22792535444
590.981527659,3746.66059245,8.22862021355
591.280910399,3749.26377837,8.22931477392
591.580293138,3751.86765409,8.23000903607
591.879675878,3754.4722204,8.2307030005
592.179058617,3757.07750135,8.23139667388
592.478441356,3759.68352696,8.23209006448
592.777824096,3762.2902483,8.23278315954
593.077206835,3764.89766641,8.23347595963
593.376589575,3767.50578107,8.23416846496
593.675972314,3770.11459219,8.23486067579
593.975355054,3772.72409966,8.23555259237
594.274737793,3775.33430346,8.23624421497
594.574120533,3777.94520456,8.23693554413
594.873503272,3780.55680429,8.23762658049
595.172886011,3783.16910401,8.23831732467
595.472268751,3785.78213017,8.23900778394
595.77165149,3788.39587324,8.23969795604
596.07103423,3791.01031915,8.24038783753
596.370416969,3793.62546864,8.24107742887
596.669799709,3796.24132246,8.24176673054
596.969182448,3798.85788135,8.242455743
597.268565188,3801.47514604,8.24314446671
597.567947927,3804.09311728,8.24383290215
597.867330666,3806.71179581,8.24452104976
598.166713406,3809.33118237,8.24520891003
598.466096145,3811.95127771,8.2458964834
